internal_id,family,owner_id,native_owner_zh_cn,native_owner_en,descriptor_zh_cn,descriptor_en,final_label_zh_cn,final_label_en,provenance,evidence,review_status
AirEssence,other,,,,风元素精华,Air Essence,风元素精华,Air Essence,trainer-derived-effect,ConsumableData.lua AirBoost -> AirEssence; TraitData_Essence.lua,proposed
FireEssence,other,,,,火元素精华,Fire Essence,火元素精华,Fire Essence,trainer-derived-effect,ConsumableData.lua FireBoost -> FireEssence; TraitData_Essence.lua,proposed
EarthEssence,other,,,,土元素精华,Earth Essence,土元素精华,Earth Essence,trainer-derived-effect,ConsumableData.lua EarthBoost -> EarthEssence; TraitData_Essence.lua,proposed
WaterEssence,other,,,,水元素精华,Water Essence,水元素精华,Water Essence,trainer-derived-effect,ConsumableData.lua WaterBoost -> WaterEssence; TraitData_Essence.lua,proposed
ElementalEssence,other,,,,元素精华,Elemental Essence,元素精华,Elemental Essence,trainer-derived-effect,ConsumableData.lua ElementalBoost -> ElementalEssence; TraitData_Essence.lua,proposed
MinorArmorBoon,other,,,,护甲增加,Armor Gain,护甲增加,Armor Gain,trainer-derived-effect,RoomLogic.lua AddArmor; TraitData_Essence.lua,proposed
RoomRewardMaxHealthTrait,other,,,,最大生命提升,Max Life Increase,最大生命提升,Max Life Increase,trainer-derived-effect,RoomLogic.lua AddMaxHealth; TraitData.lua,proposed
RoomRewardEmptyMaxHealthTrait,other,,,,最大生命提升（不恢复生命）,Max Life Increase (No Heal),最大生命提升（不恢复生命）,Max Life Increase (No Heal),trainer-derived-effect,RoomLogic.lua AddMaxHealth(NoHealing); TraitData.lua BlockHealing=true,proposed
RoomRewardMaxManaTrait,other,,,,最大魔力提升,Max Magick Increase,最大魔力提升,Max Magick Increase,trainer-derived-effect,RoomLogic.lua AddMaxMana; TraitData.lua,proposed
VanillaState,other,,,,环境状态 · 常态,Environment State · Normal,环境状态 · 常态,Environment State · Normal,trainer-derived-effect,BiomeStateData.lua VanillaState; BiomeStateLogic.lua AddTraitToHero,proposed
WetState,other,,,,环境状态 · 降雨,Environment State · Rain,环境状态 · 降雨,Environment State · Rain,trainer-derived-effect,BiomeStateData.lua Rain -> WetState; BiomeStateLogic.lua AddTraitToHero,proposed
SuitInherentSpeedBoon,other,WeaponSuit,漆黑战衣,Black Coat,冲刺速度提升,Sprint Speed Increase,漆黑战衣 · 冲刺速度提升,Black Coat · Sprint Speed Increase,native-owner+trainer-derived-effect,WeaponLogic.lua ApplySprintSpeedIncrease; TraitData.lua; TraitText WeaponSuit,proposed
FamiliarFrogResourceBonus,familiar,FrogFamiliar,弗利诺斯,Frinos,额外采集概率,Bonus Gathering Chance,弗利诺斯 · 额外采集概率,Frinos · Bonus Gathering Chance,native-owner+trainer-derived-effect,FamiliarData.lua hidden upgrade fields; FamiliarShopData.lua,proposed
FamiliarFrogDamage,familiar,FrogFamiliar,弗利诺斯,Frinos,攻击伤害,Attack Damage,弗利诺斯 · 攻击伤害,Frinos · Attack Damage,native-owner+trainer-derived-effect,FamiliarData.lua hidden upgrade fields; FamiliarShopData.lua,proposed
FamiliarCatResourceBonus,familiar,CatFamiliar,图拉,Toula,额外采集概率,Bonus Gathering Chance,图拉 · 额外采集概率,Toula · Bonus Gathering Chance,native-owner+trainer-derived-effect,FamiliarData.lua hidden upgrade fields; FamiliarShopData.lua,proposed
FamiliarCatAttacks,familiar,CatFamiliar,图拉,Toula,攻击次数,Attack Count,图拉 · 攻击次数,Toula · Attack Count,native-owner+trainer-derived-effect,FamiliarData.lua hidden upgrade fields; FamiliarShopData.lua,proposed
FamiliarRavenResourceBonus,familiar,RavenFamiliar,拉奇,Raki,额外采集概率,Bonus Gathering Chance,拉奇 · 额外采集概率,Raki · Bonus Gathering Chance,native-owner+trainer-derived-effect,FamiliarData.lua hidden upgrade fields; FamiliarShopData.lua,proposed
FamiliarRavenAttackDuration,familiar,RavenFamiliar,拉奇,Raki,攻击间隔,Attack Interval,拉奇 · 攻击间隔,Raki · Attack Interval,native-owner+trainer-derived-effect,FamiliarData.lua hidden upgrade fields; FamiliarShopData.lua,proposed
FamiliarHoundResourceBonus,familiar,HoundFamiliar,赫库芭,Hecuba,额外采集概率,Bonus Gathering Chance,赫库芭 · 额外采集概率,Hecuba · Bonus Gathering Chance,native-owner+trainer-derived-effect,FamiliarData.lua hidden upgrade fields; FamiliarShopData.lua,proposed
FamiliarHoundBarkDuration,familiar,HoundFamiliar,赫库芭,Hecuba,吠叫间隔,Bark Interval,赫库芭 · 吠叫间隔,Hecuba · Bark Interval,native-owner+trainer-derived-effect,FamiliarData.lua hidden upgrade fields; FamiliarShopData.lua,proposed
FamiliarPolecatResourceBonus,familiar,PolecatFamiliar,加莉,Gale,额外采集概率,Bonus Gathering Chance,加莉 · 额外采集概率,Gale · Bonus Gathering Chance,native-owner+trainer-derived-effect,FamiliarData.lua hidden upgrade fields; FamiliarShopData.lua,proposed
FamiliarPolecatDamage,familiar,PolecatFamiliar,加莉,Gale,攻击伤害,Attack Damage,加莉 · 攻击伤害,Gale · Attack Damage,native-owner+trainer-derived-effect,FamiliarData.lua hidden upgrade fields; FamiliarShopData.lua,proposed
ChannelSlowMetaUpgrade,arcana,ChanneledCast,女术士,The Sorceress,Ω蓄力速度,Ω Charge Speed,女术士 · Ω蓄力速度,The Sorceress · Ω Charge Speed,native-owner+trainer-derived-effect,MetaUpgradeData.lua TraitName; TraitText zh-CN/en card Description,proposed
DoorHealMetaUpgrade,arcana,HealthRegen,逆子,The Wayward Son,离开房间恢复生命,Post-Room Healing,逆子 · 离开房间恢复生命,The Wayward Son · Post-Room Healing,native-owner+trainer-derived-effect,MetaUpgradeData.lua TraitName; TraitText zh-CN/en card Description,proposed
LowManaDamageMetaupgrade,arcana,LowManaDamageBonus,猎手,The Huntress,低魔力攻击/特攻增伤,Low-Magick Attack/Special Damage,猎手 · 低魔力攻击/特攻增伤,The Huntress · Low-Magick Attack/Special Damage,native-owner+trainer-derived-effect,MetaUpgradeData.lua TraitName; TraitText zh-CN/en card Description,proposed
CastDamageMetaUpgrade,arcana,CastCount,永恒,Eternity,Ω蓄力时减缓时间,Time Slow While Channeling Ω,永恒 · Ω蓄力时减缓时间,Eternity · Time Slow While Channeling Ω,native-owner+trainer-derived-effect,MetaUpgradeData.lua TraitName; TraitText zh-CN/en card Description,proposed
SorceryRegenMetaUpgrade,arcana,SorceryRegenUpgrade,月亮,The Moon,巫咒自动充能,Automatic Hex Charge,月亮 · 巫咒自动充能,The Moon · Automatic Hex Charge,native-owner+trainer-derived-effect,MetaUpgradeData.lua TraitName; TraitText zh-CN/en card Description,proposed
InsideCastBuffMetaUpgrade,arcana,CastBuff,复仇三女神,The Furies,法阵内伤害,Cast-Zone Damage,复仇三女神 · 法阵内伤害,The Furies · Cast-Zone Damage,native-owner+trainer-derived-effect,MetaUpgradeData.lua TraitName; TraitText zh-CN/en card Description,proposed
HealthManaBonusMetaUpgrade,arcana,BonusHealth,坚毅,Persistence,最大生命与魔力,Max Life & Magick,坚毅 · 最大生命与魔力,Persistence · Max Life & Magick,native-owner+trainer-derived-effect,MetaUpgradeData.lua TraitName; TraitText zh-CN/en card Description,proposed
DodgeBonusMetaUpgrade,arcana,BonusDodge,信使,The Messenger,法阵无敌与移动速度,Cast Invulnerability & Move Speed,信使 · 法阵无敌与移动速度,The Messenger · Cast Invulnerability & Move Speed,native-owner+trainer-derived-effect,MetaUpgradeData.lua TraitName; TraitText zh-CN/en card Description,proposed
ManaOverTimeMetaUpgrade,arcana,ManaOverTime,匿踪者,The Unseen,每秒恢复魔力,Magick Regeneration,匿踪者 · 每秒恢复魔力,The Unseen · Magick Regeneration,native-owner+trainer-derived-effect,MetaUpgradeData.lua TraitName; TraitText zh-CN/en card Description,proposed
MagicCritMetaUpgrade,arcana,MagicCrit,黑夜,Night,Ω招式暴击率,Ω-Move Critical Chance,黑夜 · Ω招式暴击率,Night · Ω-Move Critical Chance,native-owner+trainer-derived-effect,MetaUpgradeData.lua TraitName; TraitText zh-CN/en card Description,proposed
SprintShieldMetaUpgrade,arcana,SprintShield,迅疾者,The Swift Runner,冲刺速度与穿行,Sprint Speed & Phasing,迅疾者 · 冲刺速度与穿行,The Swift Runner · Sprint Speed & Phasing,native-owner+trainer-derived-effect,MetaUpgradeData.lua TraitName; TraitText zh-CN/en card Description,proposed
LastStandSlowTimeMetaUpgrade,arcana,LastStand,死神,Death,死里逃生次数,Death Defiance Charges,死神 · 死里逃生次数,Death · Death Defiance Charges,native-owner+trainer-derived-effect,MetaUpgradeData.lua TraitName; TraitText zh-CN/en card Description,proposed
ChamberHealthMetaUpgrade,arcana,MaxHealthPerRoom,半人马,The Centaur,定期提升生命与魔力上限,Periodic Max Life/Magick Gain,半人马 · 定期提升生命与魔力上限,The Centaur · Periodic Max Life/Magick Gain,native-owner+trainer-derived-effect,MetaUpgradeData.lua TraitName; TraitText zh-CN/en card Description,proposed
EffectVulnerabilityMetaUpgrade,arcana,StatusVulnerability,起源,Origination,多状态增伤,Multi-Status Damage,起源 · 多状态增伤,Origination · Multi-Status Damage,native-owner+trainer-derived-effect,MetaUpgradeData.lua TraitName; TraitText zh-CN/en card Description,proposed
BossShieldMetaUpgrade,arcana,ChanneledBlock,恋人,The Lovers,首领战受击免伤,Guardian Hit Blocks,恋人 · 首领战受击免伤,The Lovers · Guardian Hit Blocks,native-owner+trainer-derived-effect,MetaUpgradeData.lua TraitName; TraitText zh-CN/en card Description,proposed
DoorRerollMetaUpgrade,arcana,DoorReroll,巫术师,The Enchantress,地点奖励重掷,Location Reward Rerolls,巫术师 · 地点奖励重掷,The Enchantress · Location Reward Rerolls,native-owner+trainer-derived-effect,MetaUpgradeData.lua TraitName; TraitText zh-CN/en card Description,proposed
StartingGoldMetaUpgrade,arcana,StartingGold,摆渡人,The Boatman,初始金币,Starting Gold,摆渡人 · 初始金币,The Boatman · Starting Gold,native-owner+trainer-derived-effect,MetaUpgradeData.lua TraitName; TraitText zh-CN/en card Description,proposed
MetaToRunMetaUpgrade,arcana,MetaToRunUpgrade,巧匠,The Artificer,局外奖励转局内奖励,Meta-to-Run Reward Conversion,巧匠 · 局外奖励转局内奖励,The Artificer · Meta-to-Run Reward Conversion,native-owner+trainer-derived-effect,MetaUpgradeData.lua TraitName; TraitText zh-CN/en card Description,proposed
RarityBoostMetaUpgrade,arcana,RarityBoost,精锐,Excellence,稀有/传奇祝福概率,Rare/Legendary Boon Chance,精锐 · 稀有/传奇祝福概率,Excellence · Rare/Legendary Boon Chance,native-owner+trainer-derived-effect,MetaUpgradeData.lua TraitName; TraitText zh-CN/en card Description,proposed
DuoRarityBoostMetaUpgrade,arcana,BonusRarity,王后,The Queen,双重祝福概率,Duo Boon Chance,王后 · 双重祝福概率,The Queen · Duo Boon Chance,native-owner+trainer-derived-effect,MetaUpgradeData.lua TraitName; TraitText zh-CN/en card Description,proposed
RerollTradeOffMetaUpgrade,arcana,TradeOff,命运,The Fates,重掷次数,Rerolls,命运 · 重掷次数,The Fates · Rerolls,native-owner+trainer-derived-effect,MetaUpgradeData.lua TraitName; TraitText zh-CN/en card Description,proposed
PanelRerollMetaUpgrade,arcana,ScreenReroll,斗士,The Champions,祝福及选项重掷,Boon & Choice Rerolls,斗士 · 祝福及选项重掷,The Champions · Boon & Choice Rerolls,native-owner+trainer-derived-effect,MetaUpgradeData.lua TraitName; TraitText zh-CN/en card Description,proposed
LowHealthBuffMetaUpgrade,arcana,LowHealthBonus,力量,Strength,无死里逃生时增伤减伤,No-Death-Defiance Damage & Defense,力量 · 无死里逃生时增伤减伤,Strength · No-Death-Defiance Damage & Defense,native-owner+trainer-derived-effect,MetaUpgradeData.lua TraitName; TraitText zh-CN/en card Description,proposed
EpicRarityBoostMetaUpgrade,arcana,EpicRarityBoost,神性,Divinity,史诗祝福概率,Epic Boon Chance,神性 · 史诗祝福概率,Divinity · Epic Boon Chance,native-owner+trainer-derived-effect,MetaUpgradeData.lua TraitName; TraitText zh-CN/en card Description,proposed
BossProgressionMetaUpgrade,arcana,CardDraw,审判,Judgment,击败首领激活随机阿卡那,Activate Arcana After Guardians,审判 · 击败首领激活随机阿卡那,Judgment · Activate Arcana After Guardians,native-owner+trainer-derived-effect,MetaUpgradeData.lua TraitName; TraitText zh-CN/en card Description,proposed
