room_id,relation,target_id,source_file,game_version,steam_build
BaseAnomaly,reward,SpellDrop,RoomDataAnomaly.lua,1.139672,24556151
BaseChaos,encounter,Empty_Chaos,RoomDataChaos.lua,1.139672,24556151
BaseChaos,reward,TrialUpgrade,RoomDataChaos.lua,1.139672,24556151
BaseF,encounter,DevotionTestF,RoomDataF.lua,1.139672,24556151
BaseF,encounter,EliteChallengeF,RoomDataF.lua,1.139672,24556151
BaseF,encounter,PerfectClearChallengeF,RoomDataF.lua,1.139672,24556151
BaseF,encounter,TimeChallengeF,RoomDataF.lua,1.139672,24556151
BaseF,unit,ShadeMerc,RoomDataF.lua,1.139672,24556151
BaseG,encounter,DevotionTestG,RoomDataG.lua,1.139672,24556151
BaseG,encounter,EliteChallengeG,RoomDataG.lua,1.139672,24556151
BaseG,encounter,PerfectClearChallengeG,RoomDataG.lua,1.139672,24556151
BaseG,encounter,TimeChallengeG,RoomDataG.lua,1.139672,24556151
BaseG,unit,LavaSplash,RoomDataG.lua,1.139672,24556151
BaseG,unit,ShadeMerc,RoomDataG.lua,1.139672,24556151
BaseG_Combat,encounter,GeneratedG_ExtraDoor,RoomDataG.lua,1.139672,24556151
BaseH,encounter,EliteChallengeH,RoomDataH.lua,1.139672,24556151
BaseH,encounter,PerfectClearChallengeH,RoomDataH.lua,1.139672,24556151
BaseH,encounter,TimeChallengeH,RoomDataH.lua,1.139672,24556151
BaseI,encounter,DevotionTestI,RoomDataI.lua,1.139672,24556151
BaseI,encounter,EliteChallengeI,RoomDataI.lua,1.139672,24556151
BaseI,encounter,PerfectClearChallengeI,RoomDataI.lua,1.139672,24556151
BaseI,encounter,TimeChallengeI,RoomDataI.lua,1.139672,24556151
BaseI,unit,ShadeMerc,RoomDataI.lua,1.139672,24556151
BaseN,encounter,DevotionTestN,RoomDataN.lua,1.139672,24556151
BaseN,encounter,EliteChallengeN,RoomDataN.lua,1.139672,24556151
BaseN,encounter,PerfectClearChallengeN,RoomDataN.lua,1.139672,24556151
BaseN,encounter,TimeChallengeN,RoomDataN.lua,1.139672,24556151
BaseN,reward,HeraUpgrade,RoomDataN.lua,1.139672,24556151
BaseN,unit,ShadeMerc,RoomDataN.lua,1.139672,24556151
BaseN,unit,SoulPylon,RoomDataN.lua,1.139672,24556151
BaseN_SubRooms,encounter,TimeChallengeN,RoomDataN.lua,1.139672,24556151
BaseN_SubRooms,unit,ShadeMerc,RoomDataN.lua,1.139672,24556151
BaseO,encounter,DevotionTestO,RoomDataO.lua,1.139672,24556151
BaseO,encounter,EliteChallengeO,RoomDataO.lua,1.139672,24556151
BaseO,encounter,PerfectClearChallengeO,RoomDataO.lua,1.139672,24556151
BaseO,encounter,TimeChallengeO,RoomDataO.lua,1.139672,24556151
BaseO,unit,ShadeMerc,RoomDataO.lua,1.139672,24556151
BaseP,encounter,EliteChallengeP,RoomDataP.lua,1.139672,24556151
BaseP,encounter,PerfectClearChallengeP,RoomDataP.lua,1.139672,24556151
BaseP,encounter,TimeChallengeP,RoomDataP.lua,1.139672,24556151
BaseP,reward,HeraUpgrade,RoomDataP.lua,1.139672,24556151
BaseQ,encounter,EliteChallengeQ,RoomDataQ.lua,1.139672,24556151
BaseQ,encounter,PerfectClearChallengeQ,RoomDataQ.lua,1.139672,24556151
BaseQ,encounter,TimeChallengeQ,RoomDataQ.lua,1.139672,24556151
BaseRoom,encounter,ArtemisCombatG,RoomData.lua,1.139672,24556151
BaseRoom,encounter,NemesisRandomEvent,RoomData.lua,1.139672,24556151
BaseRoom,unit,NPC_Chronos_01,RoomData.lua,1.139672,24556151
C_Boss01,encounter,BossZagreus01,RoomDataC.lua,1.139672,24556151
C_Boss01,reward,GemPointsBigDrop,RoomDataC.lua,1.139672,24556151
C_Boss01,reward,SpellDrop,RoomDataC.lua,1.139672,24556151
C_Boss01,unit,Zagreus,RoomDataC.lua,1.139672,24556151
Chaos_01,reward,TrialUpgrade,RoomDataChaos.lua,1.139672,24556151
Chaos_02,reward,TrialUpgrade,RoomDataChaos.lua,1.139672,24556151
Chaos_03,reward,TrialUpgrade,RoomDataChaos.lua,1.139672,24556151
Dream_Intro,encounter,Empty,RoomDataDream.lua,1.139672,24556151
Dream_PostBoss01,encounter,Empty,RoomDataDream.lua,1.139672,24556151
EndCredits01,encounter,Story_EndCredits,RoomDataI.lua,1.139672,24556151
EndCredits01,unit,NPC_Selene_01,RoomDataI.lua,1.139672,24556151
F_Boss01,encounter,BossHecate01,RoomDataF.lua,1.139672,24556151
F_Boss01,encounter,BossHecateKidnapping,RoomDataF.lua,1.139672,24556151
F_Boss01,encounter,BossHecateMissing,RoomDataF.lua,1.139672,24556151
F_Boss01,reward,MixerFBossDrop,RoomDataF.lua,1.139672,24556151
F_Boss01,unit,Chronos,RoomDataF.lua,1.139672,24556151
F_Boss01,unit,Hecate,RoomDataF.lua,1.139672,24556151
F_Boss01,unit,NPC_Chronos_01,RoomDataF.lua,1.139672,24556151
F_Boss01,unit,ShadeMerc,RoomDataF.lua,1.139672,24556151
F_Boss02,encounter,BossHecate02,RoomDataF.lua,1.139672,24556151
F_Boss02,encounter,BossHecateKidnapping,RoomDataF.lua,1.139672,24556151
F_Boss02,encounter,BossHecateMissing,RoomDataF.lua,1.139672,24556151
F_Boss02,reward,MixerFBossDrop,RoomDataF.lua,1.139672,24556151
F_Boss02,unit,Chronos,RoomDataF.lua,1.139672,24556151
F_Boss02,unit,Hecate,RoomDataF.lua,1.139672,24556151
F_Boss02,unit,HecateCopyEM,RoomDataF.lua,1.139672,24556151
F_Boss02,unit,ShadeMerc,RoomDataF.lua,1.139672,24556151
F_Combat01,encounter,FIntroFight,RoomDataF.lua,1.139672,24556151
F_Combat01,encounter,GeneratedF,RoomDataF.lua,1.139672,24556151
F_Combat01,reward,ApolloUpgrade,RoomDataF.lua,1.139672,24556151
F_Combat13,encounter,ArtemisCombatF,RoomDataF.lua,1.139672,24556151
F_Combat13,encounter,ArtemisCombatIntro,RoomDataF.lua,1.139672,24556151
F_Combat13,unit,NPC_Artemis_Field_01,RoomDataF.lua,1.139672,24556151
F_MiniBoss01,encounter,MiniBossTreant,RoomDataF.lua,1.139672,24556151
F_MiniBoss01,encounter,MiniBossTreant_Shrine,RoomDataF.lua,1.139672,24556151
F_MiniBoss02,encounter,MiniBossFogEmitter,RoomDataF.lua,1.139672,24556151
F_MiniBoss02,encounter,MiniBossFogEmitter_Shrine,RoomDataF.lua,1.139672,24556151
F_MiniBoss02,encounter,MiniBossTreant,RoomDataF.lua,1.139672,24556151
F_MiniBoss03,encounter,BossChronos01,RoomDataF.lua,1.139672,24556151
F_MiniBoss03,encounter,BossPolyphemus01,RoomDataF.lua,1.139672,24556151
F_MiniBoss03,encounter,MiniBossAssassin,RoomDataF.lua,1.139672,24556151
F_MiniBoss03,encounter,MiniBossTreant,RoomDataF.lua,1.139672,24556151
F_MiniBoss03,encounter,ZombieAssassinIntro,RoomDataF.lua,1.139672,24556151
F_Opening01,encounter,ArtemisCombatIntro,RoomDataF.lua,1.139672,24556151
F_Opening01,encounter,FCastTutorialFight,RoomDataF.lua,1.139672,24556151
F_Opening01,encounter,OpeningEmpty,RoomDataF.lua,1.139672,24556151
F_Opening01,encounter,OpeningGeneratedF,RoomDataF.lua,1.139672,24556151
F_Opening01,reward,AphroditeUpgrade,RoomDataF.lua,1.139672,24556151
F_Opening01,reward,ApolloUpgrade,RoomDataF.lua,1.139672,24556151
F_Opening01,reward,AresUpgrade,RoomDataF.lua,1.139672,24556151
F_Opening01,reward,DemeterUpgrade,RoomDataF.lua,1.139672,24556151
F_Opening01,reward,HephaestusUpgrade,RoomDataF.lua,1.139672,24556151
F_Opening01,reward,HeraUpgrade,RoomDataF.lua,1.139672,24556151
F_Opening01,reward,HermesUpgrade,RoomDataF.lua,1.139672,24556151
F_Opening01,reward,HestiaUpgrade,RoomDataF.lua,1.139672,24556151
F_Opening01,reward,PoseidonUpgrade,RoomDataF.lua,1.139672,24556151
F_Opening01,reward,SpellDrop,RoomDataF.lua,1.139672,24556151
F_Opening01,reward,WeaponUpgrade,RoomDataF.lua,1.139672,24556151
F_Opening01,reward,ZeusUpgrade,RoomDataF.lua,1.139672,24556151
F_Opening01,unit,NPC_Hermes_01,RoomDataF.lua,1.139672,24556151
F_Opening01,unit,ShadeMerc,RoomDataF.lua,1.139672,24556151
F_Opening02,encounter,FCastTutorialFight,RoomDataF.lua,1.139672,24556151
F_Opening02,encounter,OpeningEmpty,RoomDataF.lua,1.139672,24556151
F_Opening02,encounter,OpeningGeneratedF,RoomDataF.lua,1.139672,24556151
F_Opening02,reward,ApolloUpgrade,RoomDataF.lua,1.139672,24556151
F_Opening03,encounter,FCastTutorialFight,RoomDataF.lua,1.139672,24556151
F_Opening03,encounter,OpeningEmpty,RoomDataF.lua,1.139672,24556151
F_Opening03,encounter,OpeningGeneratedF,RoomDataF.lua,1.139672,24556151
F_Opening03,reward,ApolloUpgrade,RoomDataF.lua,1.139672,24556151
F_PostBoss01,encounter,BossScylla01,RoomDataF.lua,1.139672,24556151
F_PostBoss01,encounter,Story_Chronos_01,RoomDataF.lua,1.139672,24556151
F_PostBoss01,unit,NPC_Chronos_01,RoomDataF.lua,1.139672,24556151
F_PreBoss01,encounter,Shop,RoomDataF.lua,1.139672,24556151
F_PreBoss01,reward,RoomMoneyDrop,RoomDataF.lua,1.139672,24556151
F_Reprieve01,encounter,HealthRestore,RoomDataF.lua,1.139672,24556151
F_Reprieve01,unit,ShadeMerc,RoomDataF.lua,1.139672,24556151
F_Shop01,encounter,Shop,RoomDataF.lua,1.139672,24556151
F_Shop01,unit,NPC_Charon_01,RoomDataF.lua,1.139672,24556151
F_Story01,encounter,Story_Arachne_01,RoomDataF.lua,1.139672,24556151
F_Story01,unit,NPC_Arachne_01,RoomDataF.lua,1.139672,24556151
G_Boss01,encounter,BossScylla01,RoomDataG.lua,1.139672,24556151
G_Boss01,reward,MixerGBossDrop,RoomDataG.lua,1.139672,24556151
G_Boss01,unit,Scylla,RoomDataG.lua,1.139672,24556151
G_Boss02,encounter,BossScylla02,RoomDataG.lua,1.139672,24556151
G_Boss02,reward,MixerGBossDrop,RoomDataG.lua,1.139672,24556151
G_Boss02,unit,Scylla,RoomDataG.lua,1.139672,24556151
G_Intro,encounter,Empty,RoomDataG.lua,1.139672,24556151
G_Intro,reward,MetaCardPointsCommonDrop,RoomDataG.lua,1.139672,24556151
G_Intro,unit,NPC_Eris_01,RoomDataG.lua,1.139672,24556151
G_MiniBoss01,encounter,MiniBossWaterUnit,RoomDataG.lua,1.139672,24556151
G_MiniBoss02,encounter,MiniBossCrawler,RoomDataG.lua,1.139672,24556151
G_MiniBoss02,encounter,MiniBossJellyfish,RoomDataG.lua,1.139672,24556151
G_MiniBoss02,encounter,MiniBossWaterUnit,RoomDataG.lua,1.139672,24556151
G_MiniBoss03,encounter,MiniBossJellyfish,RoomDataG.lua,1.139672,24556151
G_PostBoss01,encounter,BossInfestedCerberus01,RoomDataG.lua,1.139672,24556151
G_PostBoss01,encounter,Empty,RoomDataG.lua,1.139672,24556151
G_PreBoss01,encounter,Shop,RoomDataG.lua,1.139672,24556151
G_PreBoss01,reward,RoomMoneyDrop,RoomDataG.lua,1.139672,24556151
G_PreBoss01,unit,ShadeMerc,RoomDataG.lua,1.139672,24556151
G_Reprieve01,encounter,HealthRestore,RoomDataG.lua,1.139672,24556151
G_Reprieve01,unit,ShadeMerc,RoomDataG.lua,1.139672,24556151
G_Shop01,encounter,Shop,RoomDataG.lua,1.139672,24556151
G_Story01,encounter,Story_Narcissus_01,RoomDataG.lua,1.139672,24556151
G_Story01,unit,NPC_Narcissus_01,RoomDataG.lua,1.139672,24556151
H_Boss01,encounter,BossChronos01,RoomDataH.lua,1.139672,24556151
H_Boss01,encounter,BossInfestedCerberus01,RoomDataH.lua,1.139672,24556151
H_Boss01,reward,MixerHBossDrop,RoomDataH.lua,1.139672,24556151
H_Boss01,unit,InfestedCerberus,RoomDataH.lua,1.139672,24556151
H_Boss02,encounter,BossChronos01,RoomDataH.lua,1.139672,24556151
H_Boss02,encounter,BossInfestedCerberus02,RoomDataH.lua,1.139672,24556151
H_Boss02,reward,MixerHBossDrop,RoomDataH.lua,1.139672,24556151
H_Boss02,unit,InfestedCerberus,RoomDataH.lua,1.139672,24556151
H_Bridge01,encounter,BridgeNemesisRandomEvent,RoomDataH.lua,1.139672,24556151
H_Bridge01,encounter,BridgeShop,RoomDataH.lua,1.139672,24556151
H_Bridge01,encounter,Shop,RoomDataH.lua,1.139672,24556151
H_Bridge01,encounter,Story_Echo_01,RoomDataH.lua,1.139672,24556151
H_Bridge01,unit,NPC_Charon_01,RoomDataH.lua,1.139672,24556151
H_Intro,encounter,Empty,RoomDataH.lua,1.139672,24556151
H_Intro,reward,MemPointsCommonDrop,RoomDataH.lua,1.139672,24556151
H_Intro,unit,NPC_Eris_01,RoomDataH.lua,1.139672,24556151
H_MiniBoss01,encounter,MiniBossVampire,RoomDataH.lua,1.139672,24556151
H_MiniBoss02,encounter,MiniBossLamia,RoomDataH.lua,1.139672,24556151
H_PostBoss01,encounter,Empty,RoomDataH.lua,1.139672,24556151
H_PreBoss01,encounter,Shop,RoomDataH.lua,1.139672,24556151
H_PreBoss01,reward,RoomMoneyDrop,RoomDataH.lua,1.139672,24556151
H_PreBoss01,unit,InfestedCerberus,RoomDataH.lua,1.139672,24556151
I_Boss01,encounter,BossChronos01,RoomDataI.lua,1.139672,24556151
I_Boss01,encounter,BossChronos02,RoomDataI.lua,1.139672,24556151
I_Boss01,reward,MixerIBossDrop,RoomDataI.lua,1.139672,24556151
I_Boss01,unit,Chronos,RoomDataI.lua,1.139672,24556151
I_Boss01,unit,NPC_Chronos_01,RoomDataI.lua,1.139672,24556151
I_ChronosFlashback01,encounter,Empty,RoomDataI.lua,1.139672,24556151
I_ChronosFlashback01,unit,Chronos,RoomDataI.lua,1.139672,24556151
I_ChronosFlashback01,unit,NPC_Chronos_01,RoomDataI.lua,1.139672,24556151
I_ChronosFlashback01,unit,NPC_Melinoe_Story_01,RoomDataI.lua,1.139672,24556151
I_ChronosFlashback01,unit,Zagreus,RoomDataI.lua,1.139672,24556151
I_DeathAreaRestored,encounter,Story_DeathAreaRestored,RoomDataI.lua,1.139672,24556151
I_DeathAreaRestored,unit,NPC_Chronos_01,RoomDataI.lua,1.139672,24556151
I_DeathAreaRestored,unit,NPC_Chronos_Story_01,RoomDataI.lua,1.139672,24556151
I_DeathAreaRestored,unit,NPC_Hades_Story_01,RoomDataI.lua,1.139672,24556151
I_DeathAreaRestored,unit,NPC_Hecate_01,RoomDataI.lua,1.139672,24556151
I_DeathAreaRestored,unit,NPC_Hecate_Story_01,RoomDataI.lua,1.139672,24556151
I_DeathAreaRestored,unit,NPC_Persephone_01,RoomDataI.lua,1.139672,24556151
I_DeathAreaRestored,unit,NPC_Zagreus_01,RoomDataI.lua,1.139672,24556151
I_Intro,encounter,Empty,RoomDataI.lua,1.139672,24556151
I_Intro,reward,MetaCurrencyDrop,RoomDataI.lua,1.139672,24556151
I_Intro,unit,NPC_Eris_01,RoomDataI.lua,1.139672,24556151
I_MiniBoss01,encounter,MiniBossRatCatcher,RoomDataI.lua,1.139672,24556151
I_MiniBoss02,encounter,MiniBossGoldElemental,RoomDataI.lua,1.139672,24556151
I_PostBoss01,encounter,Empty,RoomDataI.lua,1.139672,24556151
I_PostBoss01,unit,Chronos,RoomDataI.lua,1.139672,24556151
I_PostBoss01,unit,NPC_Zagreus_Past_01,RoomDataI.lua,1.139672,24556151
I_PostBoss01,unit,Zagreus,RoomDataI.lua,1.139672,24556151
I_PreBoss01,encounter,Empty,RoomDataI.lua,1.139672,24556151
I_PreBoss01,reward,RoomMoneyDrop,RoomDataI.lua,1.139672,24556151
I_PreBoss01,unit,Chronos,RoomDataI.lua,1.139672,24556151
I_PreBoss02,unit,Chronos,RoomDataI.lua,1.139672,24556151
I_Reprieve01,encounter,HealthRestore,RoomDataI.lua,1.139672,24556151
I_Reprieve01,unit,ShadeMerc,RoomDataI.lua,1.139672,24556151
I_Shop01,encounter,Shop,RoomDataI.lua,1.139672,24556151
I_Story01,encounter,BossChronos01,RoomDataI.lua,1.139672,24556151
I_Story01,encounter,Story_Hades_01,RoomDataI.lua,1.139672,24556151
I_Story01,unit,NPC_Cerberus_Field_01,RoomDataI.lua,1.139672,24556151
I_Story01,unit,NPC_Hades_Field_01,RoomDataI.lua,1.139672,24556151
I_Story01,unit,NPC_Persephone_01,RoomDataI.lua,1.139672,24556151
N_Boss01,encounter,BossPolyphemus01,RoomDataN.lua,1.139672,24556151
N_Boss01,reward,MixerNBossDrop,RoomDataN.lua,1.139672,24556151
N_Boss01,unit,Polyphemus,RoomDataN.lua,1.139672,24556151
N_Boss02,encounter,BossPolyphemus02,RoomDataN.lua,1.139672,24556151
N_Boss02,reward,MixerNBossDrop,RoomDataN.lua,1.139672,24556151
N_Boss02,unit,Polyphemus,RoomDataN.lua,1.139672,24556151
N_CombatData,encounter,BossPolyphemus01,RoomDataN.lua,1.139672,24556151
N_CombatData,encounter,HeraclesCombatN,RoomDataN.lua,1.139672,24556151
N_CombatData,unit,BattleStandard,RoomDataN.lua,1.139672,24556151
N_CombatData,unit,ShadeMerc,RoomDataN.lua,1.139672,24556151
N_Hub,encounter,Empty,RoomDataN.lua,1.139672,24556151
N_Hub,encounter,HubReturnCarrionEating01,RoomDataN.lua,1.139672,24556151
N_Hub,encounter,HubReturnSpawners01,RoomDataN.lua,1.139672,24556151
N_Hub,encounter,HubReturnSpawners02,RoomDataN.lua,1.139672,24556151
N_Hub,encounter,HubReturnZombieBarrier01,RoomDataN.lua,1.139672,24556151
N_Hub,encounter,HubReturnZombieCorpses01,RoomDataN.lua,1.139672,24556151
N_Hub,encounter,HubReturnZombieFountain01,RoomDataN.lua,1.139672,24556151
N_Hub,encounter,HubReturnZombieIsolated01,RoomDataN.lua,1.139672,24556151
N_Hub,encounter,HubReturnZombieIsolated02,RoomDataN.lua,1.139672,24556151
N_Hub,encounter,HubReturnZombieIsolated03,RoomDataN.lua,1.139672,24556151
N_Hub,encounter,HubReturnZombieStatue01,RoomDataN.lua,1.139672,24556151
N_Hub,unit,NPC_Heracles_01,RoomDataN.lua,1.139672,24556151
N_Hub,unit,SoulPylon,RoomDataN.lua,1.139672,24556151
N_MiniBoss01,encounter,MiniBossSatyrCrossbow,RoomDataN.lua,1.139672,24556151
N_MiniBoss02,encounter,MiniBossBoar,RoomDataN.lua,1.139672,24556151
N_MiniBoss02,unit,Boar,RoomDataN.lua,1.139672,24556151
N_MiniBoss02,unit,Boar_Shadow,RoomDataN.lua,1.139672,24556151
N_Opening01,encounter,OpeningEmpty,RoomDataN.lua,1.139672,24556151
N_Opening01,encounter,OpeningGeneratedN,RoomDataN.lua,1.139672,24556151
N_Opening01,reward,AresUpgrade,RoomDataN.lua,1.139672,24556151
N_Opening01,reward,HeraUpgrade,RoomDataN.lua,1.139672,24556151
N_Opening01,reward,HermesUpgrade,RoomDataN.lua,1.139672,24556151
N_Opening01,reward,PoseidonUpgrade,RoomDataN.lua,1.139672,24556151
N_Opening01,reward,SpellDrop,RoomDataN.lua,1.139672,24556151
N_Opening01,reward,ZeusUpgrade,RoomDataN.lua,1.139672,24556151
N_PostBoss01,encounter,Empty,RoomDataN.lua,1.139672,24556151
N_PreBoss01,encounter,Shop,RoomDataN.lua,1.139672,24556151
N_PreBoss01,reward,RoomMoneyDrop,RoomDataN.lua,1.139672,24556151
N_PreBoss01,unit,NPC_Charon_01,RoomDataN.lua,1.139672,24556151
N_PreHub01,encounter,PreHubGeneratedN,RoomDataN.lua,1.139672,24556151
N_PreHub01,unit,ShadeMerc,RoomDataN.lua,1.139672,24556151
N_Shop01,encounter,Shop,RoomDataN.lua,1.139672,24556151
N_Story01,encounter,Story_Medea_01,RoomDataN.lua,1.139672,24556151
N_Story01,unit,NPC_Medea_01,RoomDataN.lua,1.139672,24556151
O_Boss01,encounter,BossEris01,RoomDataO.lua,1.139672,24556151
O_Boss01,encounter,BossPrometheus01,RoomDataO.lua,1.139672,24556151
O_Boss01,reward,MixerOBossDrop,RoomDataO.lua,1.139672,24556151
O_Boss01,unit,Eris,RoomDataO.lua,1.139672,24556151
O_Boss01,unit,NPC_Circe_01,RoomDataO.lua,1.139672,24556151
O_Boss02,encounter,BossEris02,RoomDataO.lua,1.139672,24556151
O_Boss02,encounter,BossPrometheus01,RoomDataO.lua,1.139672,24556151
O_Boss02,reward,MixerOBossDrop,RoomDataO.lua,1.139672,24556151
O_Boss02,unit,Eris,RoomDataO.lua,1.139672,24556151
O_Combat13,encounter,GeneratedO_Intro01,RoomDataO.lua,1.139672,24556151
O_Combat13,encounter,GeneratedO_Intro01_First,RoomDataO.lua,1.139672,24556151
O_Combat13,encounter,HeraclesCombatO,RoomDataO.lua,1.139672,24556151
O_CombatData,encounter,GeneratedO_Intro01,RoomDataO.lua,1.139672,24556151
O_CombatData,encounter,GeneratedO_Intro01_First,RoomDataO.lua,1.139672,24556151
O_CombatData,encounter,HeraclesCombatO,RoomDataO.lua,1.139672,24556151
O_Devotion01,encounter,DevotionTestF,RoomDataO.lua,1.139672,24556151
O_Devotion01,encounter,DevotionTestG,RoomDataO.lua,1.139672,24556151
O_Devotion01,encounter,DevotionTestH,RoomDataO.lua,1.139672,24556151
O_Devotion01,encounter,DevotionTestI,RoomDataO.lua,1.139672,24556151
O_Devotion01,encounter,DevotionTestN,RoomDataO.lua,1.139672,24556151
O_Devotion01,encounter,DevotionTestP,RoomDataO.lua,1.139672,24556151
O_Devotion01,reward,AphroditeUpgrade,RoomDataO.lua,1.139672,24556151
O_Devotion01,reward,ApolloUpgrade,RoomDataO.lua,1.139672,24556151
O_Devotion01,reward,DemeterUpgrade,RoomDataO.lua,1.139672,24556151
O_Devotion01,reward,HephaestusUpgrade,RoomDataO.lua,1.139672,24556151
O_Devotion01,reward,HeraUpgrade,RoomDataO.lua,1.139672,24556151
O_Devotion01,reward,HestiaUpgrade,RoomDataO.lua,1.139672,24556151
O_Devotion01,reward,PoseidonUpgrade,RoomDataO.lua,1.139672,24556151
O_Devotion01,reward,ZeusUpgrade,RoomDataO.lua,1.139672,24556151
O_Intro,encounter,Empty,RoomDataO.lua,1.139672,24556151
O_MiniBoss01,encounter,MiniBossCharybdis,RoomDataO.lua,1.139672,24556151
O_MiniBoss02,encounter,MiniBossCaptain,RoomDataO.lua,1.139672,24556151
O_MiniBoss02,encounter,MiniBossCharybdis,RoomDataO.lua,1.139672,24556151
O_PostBoss01,encounter,Empty,RoomDataO.lua,1.139672,24556151
O_PreBoss01,encounter,Empty,RoomDataO.lua,1.139672,24556151
O_PreBoss01,encounter,Shop,RoomDataO.lua,1.139672,24556151
O_PreBoss01,reward,RoomMoneyDrop,RoomDataO.lua,1.139672,24556151
O_Reprieve01,encounter,HealthRestore,RoomDataO.lua,1.139672,24556151
O_Reprieve01,unit,ShadeMerc,RoomDataO.lua,1.139672,24556151
O_Shop01,encounter,Shop,RoomDataO.lua,1.139672,24556151
O_Story01,encounter,Story_Circe_01,RoomDataO.lua,1.139672,24556151
O_Story01,unit,NPC_Circe_01,RoomDataO.lua,1.139672,24556151
P_Boss01,encounter,BossPrometheus01,RoomDataP.lua,1.139672,24556151
P_Boss01,encounter,BossPrometheus02,RoomDataP.lua,1.139672,24556151
P_Boss01,encounter,HeraclesCombatN,RoomDataP.lua,1.139672,24556151
P_Boss01,encounter,HeraclesCombatN2,RoomDataP.lua,1.139672,24556151
P_Boss01,encounter,HeraclesCombatO,RoomDataP.lua,1.139672,24556151
P_Boss01,encounter,HeraclesCombatO2,RoomDataP.lua,1.139672,24556151
P_Boss01,encounter,HeraclesCombatP,RoomDataP.lua,1.139672,24556151
P_Boss01,encounter,HeraclesCombatP2,RoomDataP.lua,1.139672,24556151
P_Boss01,reward,MixerPBossDrop,RoomDataP.lua,1.139672,24556151
P_Boss01,unit,Heracles,RoomDataP.lua,1.139672,24556151
P_Boss01,unit,Prometheus,RoomDataP.lua,1.139672,24556151
P_Combat01,encounter,P_Combat01_PreCombat01,RoomDataP.lua,1.139672,24556151
P_Combat01,encounter,P_Combat01_PreCombat02,RoomDataP.lua,1.139672,24556151
P_Combat01,encounter,P_Combat01_PreCombat03,RoomDataP.lua,1.139672,24556151
P_Combat01,encounter,P_Combat01_PreCombat04,RoomDataP.lua,1.139672,24556151
P_Combat02,encounter,P_Combat02_PreCombat01,RoomDataP.lua,1.139672,24556151
P_Combat02,encounter,P_Combat02_PreCombat02,RoomDataP.lua,1.139672,24556151
P_Combat02,encounter,P_Combat02_PreCombat03,RoomDataP.lua,1.139672,24556151
P_Combat03,encounter,OlympusIntro,RoomDataP.lua,1.139672,24556151
P_Combat03,encounter,P_Combat03_PreCombat01,RoomDataP.lua,1.139672,24556151
P_Combat03,encounter,P_Combat03_PreCombat02,RoomDataP.lua,1.139672,24556151
P_Combat03,encounter,P_Combat03_PreCombat03,RoomDataP.lua,1.139672,24556151
P_Combat03,unit,AutomatonBeamer,RoomDataP.lua,1.139672,24556151
P_Combat03,unit,AutomatonEnforcer,RoomDataP.lua,1.139672,24556151
P_Combat03,unit,HarpyDropper,RoomDataP.lua,1.139672,24556151
P_Combat03,unit,SatyrSapper,RoomDataP.lua,1.139672,24556151
P_Combat03,unit,SentryBot,RoomDataP.lua,1.139672,24556151
P_Combat03,unit,ZombieOlympus,RoomDataP.lua,1.139672,24556151
P_Combat04,encounter,P_Combat04_PreCombat01,RoomDataP.lua,1.139672,24556151
P_Combat04,encounter,P_Combat04_PreCombat02,RoomDataP.lua,1.139672,24556151
P_Combat04,encounter,P_Combat04_PreCombat03,RoomDataP.lua,1.139672,24556151
P_Combat05,encounter,P_Combat05_PreCombat01,RoomDataP.lua,1.139672,24556151
P_Combat05,encounter,P_Combat05_PreCombat02,RoomDataP.lua,1.139672,24556151
P_Combat05,encounter,P_Combat05_PreCombat03,RoomDataP.lua,1.139672,24556151
P_Combat06,encounter,P_Combat06_PreCombat01,RoomDataP.lua,1.139672,24556151
P_Combat06,encounter,P_Combat06_PreCombat02,RoomDataP.lua,1.139672,24556151
P_Combat06,encounter,P_Combat06_PreCombat03,RoomDataP.lua,1.139672,24556151
P_Combat06,encounter,P_Combat06_PreCombat04,RoomDataP.lua,1.139672,24556151
P_Combat07,encounter,P_Combat07_PreCombat01,RoomDataP.lua,1.139672,24556151
P_Combat07,encounter,P_Combat07_PreCombat02,RoomDataP.lua,1.139672,24556151
P_Combat07,encounter,P_Combat07_PreCombat03,RoomDataP.lua,1.139672,24556151
P_Combat08,encounter,P_Combat08_PreCombat01,RoomDataP.lua,1.139672,24556151
P_Combat08,encounter,P_Combat08_PreCombat02,RoomDataP.lua,1.139672,24556151
P_Combat08,encounter,P_Combat08_PreCombat03,RoomDataP.lua,1.139672,24556151
P_Combat09,encounter,P_Combat09_PreCombat01,RoomDataP.lua,1.139672,24556151
P_Combat09,encounter,P_Combat09_PreCombat02,RoomDataP.lua,1.139672,24556151
P_Combat09,encounter,P_Combat09_PreCombat03,RoomDataP.lua,1.139672,24556151
P_Combat10,encounter,P_Combat10_PreCombat01,RoomDataP.lua,1.139672,24556151
P_Combat10,encounter,P_Combat10_PreCombat02,RoomDataP.lua,1.139672,24556151
P_Combat10,encounter,P_Combat10_PreCombat03,RoomDataP.lua,1.139672,24556151
P_Combat11,encounter,P_Combat11_PreCombat01,RoomDataP.lua,1.139672,24556151
P_Combat11,encounter,P_Combat11_PreCombat02,RoomDataP.lua,1.139672,24556151
P_Combat11,encounter,P_Combat11_PreCombat03,RoomDataP.lua,1.139672,24556151
P_Combat11,encounter,P_Combat11_PreCombat04,RoomDataP.lua,1.139672,24556151
P_Combat12,encounter,P_Combat12_PreCombat01,RoomDataP.lua,1.139672,24556151
P_Combat12,encounter,P_Combat12_PreCombat02,RoomDataP.lua,1.139672,24556151
P_Combat12,encounter,P_Combat12_PreCombat03,RoomDataP.lua,1.139672,24556151
P_Combat13,encounter,P_Combat13_PreCombat01,RoomDataP.lua,1.139672,24556151
P_Combat13,encounter,P_Combat13_PreCombat02,RoomDataP.lua,1.139672,24556151
P_Combat13,encounter,P_Combat13_PreCombat03,RoomDataP.lua,1.139672,24556151
P_Combat14,encounter,P_Combat14_PreCombat01,RoomDataP.lua,1.139672,24556151
P_Combat14,encounter,P_Combat14_PreCombat02,RoomDataP.lua,1.139672,24556151
P_Combat14,encounter,P_Combat14_PreCombat03,RoomDataP.lua,1.139672,24556151
P_Combat15,encounter,P_Combat15_PreCombat01,RoomDataP.lua,1.139672,24556151
P_Combat15,encounter,P_Combat15_PreCombat02,RoomDataP.lua,1.139672,24556151
P_Combat15,encounter,P_Combat15_PreCombat03,RoomDataP.lua,1.139672,24556151
P_Combat15,encounter,P_Combat15_PreCombat04,RoomDataP.lua,1.139672,24556151
P_Combat16,encounter,P_Combat16_PreCombat01,RoomDataP.lua,1.139672,24556151
P_Combat16,encounter,P_Combat16_PreCombat02,RoomDataP.lua,1.139672,24556151
P_Combat16,encounter,P_Combat16_PreCombat03,RoomDataP.lua,1.139672,24556151
P_Intro,encounter,Empty,RoomDataP.lua,1.139672,24556151
P_Intro,encounter,PIntroCombat01,RoomDataP.lua,1.139672,24556151
P_Intro,encounter,PIntroCombat02,RoomDataP.lua,1.139672,24556151
P_Intro,encounter,PIntroCombat03,RoomDataP.lua,1.139672,24556151
P_Intro,encounter,PIntroCombat04,RoomDataP.lua,1.139672,24556151
P_Intro,encounter,PIntroCombat05,RoomDataP.lua,1.139672,24556151
P_Intro,encounter,PIntroCombat06,RoomDataP.lua,1.139672,24556151
P_Intro,encounter,PIntroCombat07,RoomDataP.lua,1.139672,24556151
P_Intro,encounter,PIntroCombat08,RoomDataP.lua,1.139672,24556151
P_Intro,encounter,PIntroCombat09,RoomDataP.lua,1.139672,24556151
P_Intro,encounter,PIntroCombat_CrossbowStatues,RoomDataP.lua,1.139672,24556151
P_Intro,encounter,PIntroCombat_DragonQuad,RoomDataP.lua,1.139672,24556151
P_Intro,encounter,PIntroCombat_SapperGate,RoomDataP.lua,1.139672,24556151
P_Intro,encounter,PIntroCombat_SapperOverlook,RoomDataP.lua,1.139672,24556151
P_Intro,encounter,PIntroCombat_ZombieFishing,RoomDataP.lua,1.139672,24556151
P_Intro,encounter,PIntroCombat_ZombieQuad,RoomDataP.lua,1.139672,24556151
P_Intro,encounter,PIntroDreamRunEmpty,RoomDataP.lua,1.139672,24556151
P_MiniBoss01,encounter,MiniBossTalos,RoomDataP.lua,1.139672,24556151
P_MiniBoss02,encounter,MiniBossDragon,RoomDataP.lua,1.139672,24556151
P_PostBoss01,encounter,Empty,RoomDataP.lua,1.139672,24556151
P_PostBoss01,unit,Chronos,RoomDataP.lua,1.139672,24556151
P_PreBoss01,encounter,Shop,RoomDataP.lua,1.139672,24556151
P_PreBoss01,reward,RoomMoneyDrop,RoomDataP.lua,1.139672,24556151
P_Reprieve01,encounter,HealthRestore,RoomDataP.lua,1.139672,24556151
P_Reprieve01,unit,ShadeMerc,RoomDataP.lua,1.139672,24556151
P_Shop01,encounter,Shop,RoomDataP.lua,1.139672,24556151
P_Story01,encounter,Story_Dionysus_01,RoomDataP.lua,1.139672,24556151
P_Story01,unit,NPC_Dionysus_01,RoomDataP.lua,1.139672,24556151
Q_Boss01,encounter,BossTyphonHead01,RoomDataQ.lua,1.139672,24556151
Q_Boss01,reward,MixerMythicDrop,RoomDataQ.lua,1.139672,24556151
Q_Boss01,reward,MixerQBossDrop,RoomDataQ.lua,1.139672,24556151
Q_Boss01,unit,NPC_Zeus_01,RoomDataQ.lua,1.139672,24556151
Q_Boss01,unit,TyphonHead,RoomDataQ.lua,1.139672,24556151
Q_Boss02,encounter,BossTyphonHead02,RoomDataQ.lua,1.139672,24556151
Q_Boss02,unit,TyphonHead,RoomDataQ.lua,1.139672,24556151
Q_Combat11,encounter,TyphonIntro,RoomDataQ.lua,1.139672,24556151
Q_Intro,encounter,Empty,RoomDataQ.lua,1.139672,24556151
Q_Intro,unit,TyphonHead,RoomDataQ.lua,1.139672,24556151
Q_MiniBoss01,encounter,BossTyphonArm01,RoomDataQ.lua,1.139672,24556151
Q_MiniBoss02,encounter,MiniBossBrute,RoomDataQ.lua,1.139672,24556151
Q_MiniBoss02,unit,Brute_Miniboss,RoomDataQ.lua,1.139672,24556151
Q_MiniBoss03,encounter,BossTyphonTail01,RoomDataQ.lua,1.139672,24556151
Q_MiniBoss03,unit,TyphonHead,RoomDataQ.lua,1.139672,24556151
Q_MiniBoss03,unit,TyphonTail,RoomDataQ.lua,1.139672,24556151
Q_MiniBoss04,encounter,BossTyphonEye01,RoomDataQ.lua,1.139672,24556151
Q_MiniBoss04,encounter,BossTyphonTail01,RoomDataQ.lua,1.139672,24556151
Q_MiniBoss04,unit,Mudman_Shadow,RoomDataQ.lua,1.139672,24556151
Q_MiniBoss04,unit,Simple,RoomDataQ.lua,1.139672,24556151
Q_MiniBoss04,unit,TyphonEye,RoomDataQ.lua,1.139672,24556151
Q_MiniBoss05,encounter,MiniBossBrute,RoomDataQ.lua,1.139672,24556151
Q_MiniBoss05,encounter,MiniBossStalker,RoomDataQ.lua,1.139672,24556151
Q_MiniBoss05,unit,Stalker_Miniboss,RoomDataQ.lua,1.139672,24556151
Q_PostBoss01,encounter,Empty,RoomDataQ.lua,1.139672,24556151
Q_PostBoss01,unit,TyphonHead,RoomDataQ.lua,1.139672,24556151
Q_PreBoss01,encounter,Shop,RoomDataQ.lua,1.139672,24556151
Q_PreBoss01,encounter,TyphonShop,RoomDataQ.lua,1.139672,24556151
Q_PreBoss01,reward,RoomMoneyDrop,RoomDataQ.lua,1.139672,24556151
Q_PreBoss01,unit,NPC_Hermes_01,RoomDataQ.lua,1.139672,24556151
Q_Story01,encounter,Story_Palace_01,RoomDataQ.lua,1.139672,24556151
Q_Story01,unit,Hecate,RoomDataQ.lua,1.139672,24556151
Q_Story01,unit,NPC_Chronos_02,RoomDataQ.lua,1.139672,24556151
Q_Story01,unit,NPC_Demeter_Story_01,RoomDataQ.lua,1.139672,24556151
Q_Story01,unit,NPC_Hecate_01,RoomDataQ.lua,1.139672,24556151
Q_Story01,unit,NPC_Zeus_Story_01,RoomDataQ.lua,1.139672,24556151
TestAlice,encounter,Empty,RoomDataTest.lua,1.139672,24556151
TestAllThings,encounter,Empty,RoomDataTest.lua,1.139672,24556151
TestAllThings,reward,AirBoost,RoomDataTest.lua,1.139672,24556151
TestAllThings,reward,ArmorBigBoost,RoomDataTest.lua,1.139672,24556151
TestAllThings,reward,ArmorBoost,RoomDataTest.lua,1.139672,24556151
TestAllThings,reward,CardUpgradePointsDrop,RoomDataTest.lua,1.139672,24556151
TestAllThings,reward,CharonPointsDrop,RoomDataTest.lua,1.139672,24556151
TestAllThings,reward,DreamPointsDrop,RoomDataTest.lua,1.139672,24556151
TestAllThings,reward,EarthBoost,RoomDataTest.lua,1.139672,24556151
TestAllThings,reward,ElementalBoost,RoomDataTest.lua,1.139672,24556151
TestAllThings,reward,EmptyMaxHealthDrop,RoomDataTest.lua,1.139672,24556151
TestAllThings,reward,EmptyMaxHealthSmallDrop,RoomDataTest.lua,1.139672,24556151
TestAllThings,reward,FamiliarPointsDrop,RoomDataTest.lua,1.139672,24556151
TestAllThings,reward,FireBoost,RoomDataTest.lua,1.139672,24556151
TestAllThings,reward,GemPointsBigDrop,RoomDataTest.lua,1.139672,24556151
TestAllThings,reward,GemPointsDrop,RoomDataTest.lua,1.139672,24556151
TestAllThings,reward,GiftDrop,RoomDataTest.lua,1.139672,24556151
TestAllThings,reward,HealBigDrop,RoomDataTest.lua,1.139672,24556151
TestAllThings,reward,HealDrop,RoomDataTest.lua,1.139672,24556151
TestAllThings,reward,HealDropMajor,RoomDataTest.lua,1.139672,24556151
TestAllThings,reward,HealDropMinor,RoomDataTest.lua,1.139672,24556151
TestAllThings,reward,HealDropSuperMinor,RoomDataTest.lua,1.139672,24556151
TestAllThings,reward,LastStandDrop,RoomDataTest.lua,1.139672,24556151
TestAllThings,reward,MaxHealthDrop,RoomDataTest.lua,1.139672,24556151
TestAllThings,reward,MaxHealthDropBig,RoomDataTest.lua,1.139672,24556151
TestAllThings,reward,MaxHealthDropSmall,RoomDataTest.lua,1.139672,24556151
TestAllThings,reward,MaxManaDrop,RoomDataTest.lua,1.139672,24556151
TestAllThings,reward,MaxManaDropBig,RoomDataTest.lua,1.139672,24556151
TestAllThings,reward,MaxManaDropSmall,RoomDataTest.lua,1.139672,24556151
TestAllThings,reward,MemPointsCommonBigDrop,RoomDataTest.lua,1.139672,24556151
TestAllThings,reward,MemPointsCommonDrop,RoomDataTest.lua,1.139672,24556151
TestAllThings,reward,MetaCardPointsCommonBigDrop,RoomDataTest.lua,1.139672,24556151
TestAllThings,reward,MetaCardPointsCommonDrop,RoomDataTest.lua,1.139672,24556151
TestAllThings,reward,MetaCurrencyBigDrop,RoomDataTest.lua,1.139672,24556151
TestAllThings,reward,MetaCurrencyDrop,RoomDataTest.lua,1.139672,24556151
TestAllThings,reward,MetaFabricDrop,RoomDataTest.lua,1.139672,24556151
TestAllThings,reward,MinorTalentDrop,RoomDataTest.lua,1.139672,24556151
TestAllThings,reward,Mixer5CommonDrop,RoomDataTest.lua,1.139672,24556151
TestAllThings,reward,Mixer6CommonDrop,RoomDataTest.lua,1.139672,24556151
TestAllThings,reward,MixerFBossDrop,RoomDataTest.lua,1.139672,24556151
TestAllThings,reward,MixerGBossDrop,RoomDataTest.lua,1.139672,24556151
TestAllThings,reward,MixerHBossDrop,RoomDataTest.lua,1.139672,24556151
TestAllThings,reward,MixerIBossDrop,RoomDataTest.lua,1.139672,24556151
TestAllThings,reward,MixerNBossDrop,RoomDataTest.lua,1.139672,24556151
TestAllThings,reward,MixerOBossDrop,RoomDataTest.lua,1.139672,24556151
TestAllThings,reward,MixerPBossDrop,RoomDataTest.lua,1.139672,24556151
TestAllThings,reward,MixerQBossDrop,RoomDataTest.lua,1.139672,24556151
TestAllThings,reward,OreFSilverDrop,RoomDataTest.lua,1.139672,24556151
TestAllThings,reward,PlantFMolyDrop,RoomDataTest.lua,1.139672,24556151
TestAllThings,reward,PlantFNightshadeDrop,RoomDataTest.lua,1.139672,24556151
TestAllThings,reward,PlantGLotusDrop,RoomDataTest.lua,1.139672,24556151
TestAllThings,reward,RerollDrop,RoomDataTest.lua,1.139672,24556151
TestAllThings,reward,RoomMoneyBigDrop,RoomDataTest.lua,1.139672,24556151
TestAllThings,reward,RoomMoneyDrop,RoomDataTest.lua,1.139672,24556151
TestAllThings,reward,RoomMoneySmallDrop,RoomDataTest.lua,1.139672,24556151
TestAllThings,reward,RoomMoneyTinyDrop,RoomDataTest.lua,1.139672,24556151
TestAllThings,reward,RoomMoneyTripleDrop,RoomDataTest.lua,1.139672,24556151
TestAllThings,reward,RoomRewardConsolationPrize,RoomDataTest.lua,1.139672,24556151
TestAllThings,reward,RoomRewardHealDrop,RoomDataTest.lua,1.139672,24556151
TestAllThings,reward,StoreRewardRandomStack,RoomDataTest.lua,1.139672,24556151
TestAllThings,reward,TalentBigDrop,RoomDataTest.lua,1.139672,24556151
TestAllThings,reward,TalentDrop,RoomDataTest.lua,1.139672,24556151
TestAllThings,reward,TrashPointsDrop,RoomDataTest.lua,1.139672,24556151
TestAllThings,reward,WaterBoost,RoomDataTest.lua,1.139672,24556151
TestAllThings,reward,WeaponPointsRareDrop,RoomDataTest.lua,1.139672,24556151
TestAllThings,unit,NPC_Giftable,RoomDataTest.lua,1.139672,24556151
TestAllThings,unit,NPC_Neutral,RoomDataTest.lua,1.139672,24556151
TestAllThings,unit,TestCharacter,RoomDataTest.lua,1.139672,24556151
TestAndrew,encounter,Empty,RoomDataTest.lua,1.139672,24556151
TestAnimations,encounter,Empty,RoomDataTest.lua,1.139672,24556151
TestCharacters,encounter,Empty,RoomDataTest.lua,1.139672,24556151
TestDevansh,encounter,Empty,RoomDataTest.lua,1.139672,24556151
TestEduardo,encounter,Empty,RoomDataTest.lua,1.139672,24556151
TestEnemies,encounter,TestFight,RoomDataTest.lua,1.139672,24556151
TestJen,encounter,Empty,RoomDataTest.lua,1.139672,24556151
TestJoanne,encounter,Empty,RoomDataTest.lua,1.139672,24556151
TestJoshRoomEnemyTest,encounter,CombatTestJosh,RoomDataTest.lua,1.139672,24556151
TestKristen,encounter,Empty,RoomDataTest.lua,1.139672,24556151
TestNPCs,encounter,TestNPCs,RoomDataTest.lua,1.139672,24556151
TestSort,encounter,Empty,RoomDataTest.lua,1.139672,24556151
TestTuning,encounter,TuningFight,RoomDataTest.lua,1.139672,24556151
_FTemplateRoom,encounter,Empty,RoomData.lua,1.139672,24556151
_GTemplateRoom,encounter,Empty,RoomData.lua,1.139672,24556151
_HTemplateRoom,encounter,Empty,RoomData.lua,1.139672,24556151
_ITemplateRoom,encounter,Empty,RoomData.lua,1.139672,24556151
_NTemplateRoom,encounter,Empty,RoomData.lua,1.139672,24556151
_OTemplateRoom,encounter,Empty,RoomData.lua,1.139672,24556151
_PTemplateRoomExterior,encounter,Empty,RoomData.lua,1.139672,24556151
_PTemplateRoomInterior,encounter,Empty,RoomData.lua,1.139672,24556151
_QTemplateRoom,encounter,Empty,RoomData.lua,1.139672,24556151