trait_id,source_type,source_id,source_file,game_version,steam_build
AgilityCostume,unit,NPC_Arachne_01,NPCData_Arachne.lua,1.139672,24556151
AllCloseBoon,loot,AphroditeUpgrade,LootData_Aphrodite.lua,1.139672,24556151
AllCloseBoon,loot,PoseidonUpgrade,LootData_Poseidon.lua,1.139672,24556151
AllElementalBoon,loot,HeraUpgrade,LootData_Hera.lua,1.139672,24556151
AloneDamageBoon,loot,HestiaUpgrade,LootData_Hestia.lua,1.139672,24556151
AmplifyConeBoon,loot,PoseidonUpgrade,LootData_Poseidon.lua,1.139672,24556151
AntiArmorBoon,loot,HephaestusUpgrade,LootData_Hephaestus.lua,1.139672,24556151
AphroditeCastBoon,loot,AphroditeUpgrade,LootData_Aphrodite.lua,1.139672,24556151
AphroditeManaBoon,loot,AphroditeUpgrade,LootData_Aphrodite.lua,1.139672,24556151
AphroditeSpecialBoon,loot,AphroditeUpgrade,LootData_Aphrodite.lua,1.139672,24556151
AphroditeSprintBoon,loot,AphroditeUpgrade,LootData_Aphrodite.lua,1.139672,24556151
AphroditeWeaponBoon,loot,AphroditeUpgrade,LootData_Aphrodite.lua,1.139672,24556151
ApolloBlindBoon,loot,ApolloUpgrade,LootData_Apollo.lua,1.139672,24556151
ApolloCastAreaBoon,loot,ApolloUpgrade,LootData_Apollo.lua,1.139672,24556151
ApolloCastBoon,loot,ApolloUpgrade,LootData_Apollo.lua,1.139672,24556151
ApolloExCastBoon,loot,ApolloUpgrade,LootData_Apollo.lua,1.139672,24556151
ApolloManaBoon,loot,ApolloUpgrade,LootData_Apollo.lua,1.139672,24556151
ApolloRetaliateBoon,loot,ApolloUpgrade,LootData_Apollo.lua,1.139672,24556151
ApolloSecondStageCastBoon,loot,ApolloUpgrade,LootData_Apollo.lua,1.139672,24556151
ApolloSecondStageCastBoon,loot,ZeusUpgrade,LootData_Zeus.lua,1.139672,24556151
ApolloSpecialBoon,loot,ApolloUpgrade,LootData_Apollo.lua,1.139672,24556151
ApolloSprintBoon,loot,ApolloUpgrade,LootData_Apollo.lua,1.139672,24556151
ApolloWeaponBoon,loot,ApolloUpgrade,LootData_Apollo.lua,1.139672,24556151
ArcanaRarityTrait,unit,NPC_Circe_01,NPCData_Circe.lua,1.139672,24556151
AresCastBoon,loot,AresUpgrade,LootData_Ares.lua,1.139672,24556151
AresExCastBoon,loot,AresUpgrade,LootData_Ares.lua,1.139672,24556151
AresManaBoon,loot,AresUpgrade,LootData_Ares.lua,1.139672,24556151
AresSpecialBoon,loot,AresUpgrade,LootData_Ares.lua,1.139672,24556151
AresSprintBoon,loot,AresUpgrade,LootData_Ares.lua,1.139672,24556151
AresStatusDoubleDamageBoon,loot,AresUpgrade,LootData_Ares.lua,1.139672,24556151
AresWeaponBoon,loot,AresUpgrade,LootData_Ares.lua,1.139672,24556151
ArmorBoon,loot,HephaestusUpgrade,LootData_Hephaestus.lua,1.139672,24556151
ArmorGainKeepsake,unit,NPC_Arachne_01,NPCData_Arachne.lua,1.139672,24556151
ArmorPenaltyCurse,unit,NPC_Medea_01,NPCData_Medea.lua,1.139672,24556151
AthenaEncounterKeepsake,unit,Hecate,EnemyData_Hecate.lua,1.139672,24556151
AthenaEncounterKeepsake,unit,NPC_Arachne_01,NPCData_Arachne.lua,1.139672,24556151
AthenaEncounterKeepsake,unit,NPC_Artemis_Field_01,NPCData_Artemis.lua,1.139672,24556151
AthenaEncounterKeepsake,unit,NPC_Athena_01,NPCData_Athena.lua,1.139672,24556151
AthenaEncounterKeepsake,unit,NPC_Echo_01,NPCData_Echo.lua,1.139672,24556151
AthenaEncounterKeepsake,unit,NPC_Hecate_01,NPCData_Hecate.lua,1.139672,24556151
AthenaProjectileBoon,unit,NPC_Athena_01,NPCData_Athena.lua,1.139672,24556151
AutoRevengeBoon,loot,AresUpgrade,LootData_Ares.lua,1.139672,24556151
AutoRevengeBoon,loot,ZeusUpgrade,LootData_Zeus.lua,1.139672,24556151
AxeArmCastAspect,unit,Hecate,EnemyData_Hecate.lua,1.139672,24556151
AxeArmCastAspect,unit,NPC_Charon_01,NPCData_Charon.lua,1.139672,24556151
AxeArmorTrait,loot,WeaponUpgrade,LootData.lua,1.139672,24556151
AxeAttackRecoveryTrait,loot,WeaponUpgrade,LootData.lua,1.139672,24556151
AxeBlockEmpowerTrait,loot,WeaponUpgrade,LootData.lua,1.139672,24556151
AxeChargedSpecialTrait,loot,WeaponUpgrade,LootData.lua,1.139672,24556151
AxeDashAttackTrait,loot,WeaponUpgrade,LootData.lua,1.139672,24556151
AxeFreeSpinTrait,loot,WeaponUpgrade,LootData.lua,1.139672,24556151
AxeMassiveThirdStrikeTrait,loot,WeaponUpgrade,LootData.lua,1.139672,24556151
AxePerfectCriticalAspect,loot,AresUpgrade,LootData_Ares.lua,1.139672,24556151
AxePerfectCriticalAspect,loot,HephaestusUpgrade,LootData_Hephaestus.lua,1.139672,24556151
AxePerfectCriticalAspect,loot,PoseidonUpgrade,LootData_Poseidon.lua,1.139672,24556151
AxePerfectCriticalAspect,loot,SpellDrop,LootData_Selene.lua,1.139672,24556151
AxePerfectCriticalAspect,loot,WeaponUpgrade,LootData.lua,1.139672,24556151
AxePerfectCriticalAspect,unit,Chronos,EnemyData_Chronos.lua,1.139672,24556151
AxePerfectCriticalAspect,unit,Hecate,EnemyData_Hecate.lua,1.139672,24556151
AxePerfectCriticalAspect,unit,NPC_Charon_01,NPCData_Charon.lua,1.139672,24556151
AxePerfectCriticalAspect,unit,NPC_Heracles_01,NPCData_Heracles.lua,1.139672,24556151
AxePerfectCriticalAspect,unit,NPC_Hypnos_DreamRun,NPCData_Hypnos.lua,1.139672,24556151
AxePerfectCriticalAspect,unit,NPC_Nyx_Story_01,NPCData.lua,1.139672,24556151
AxePerfectCriticalAspect,unit,Zagreus,EnemyData_Zagreus.lua,1.139672,24556151
AxeRallyAspect,loot,AresUpgrade,LootData_Ares.lua,1.139672,24556151
AxeRallyAspect,loot,HephaestusUpgrade,LootData_Hephaestus.lua,1.139672,24556151
AxeRallyAspect,loot,PoseidonUpgrade,LootData_Poseidon.lua,1.139672,24556151
AxeRallyAspect,loot,SpellDrop,LootData_Selene.lua,1.139672,24556151
AxeRallyAspect,loot,WeaponUpgrade,LootData.lua,1.139672,24556151
AxeRallyAspect,unit,Hecate,EnemyData_Hecate.lua,1.139672,24556151
AxeRallyAspect,unit,NPC_Charon_01,NPCData_Charon.lua,1.139672,24556151
AxeRallyAspect,unit,NPC_Heracles_01,NPCData_Heracles.lua,1.139672,24556151
AxeRallyAspect,unit,Zagreus,EnemyData_Zagreus.lua,1.139672,24556151
AxeRallyFirstStrikeTrait,loot,WeaponUpgrade,LootData.lua,1.139672,24556151
AxeRallyFrenzyTrait,loot,WeaponUpgrade,LootData.lua,1.139672,24556151
AxeRangedWhirlwindTrait,loot,WeaponUpgrade,LootData.lua,1.139672,24556151
AxeSecondStageTrait,loot,WeaponUpgrade,LootData.lua,1.139672,24556151
AxeSpinSpeedTrait,loot,WeaponUpgrade,LootData.lua,1.139672,24556151
AxeSturdyTrait,loot,WeaponUpgrade,LootData.lua,1.139672,24556151
AxeThirdStrikeTrait,loot,WeaponUpgrade,LootData.lua,1.139672,24556151
BankBoon,unit,NPC_Dionysus_01,NPCData_Dionysus.lua,1.139672,24556151
BlindChanceBoon,loot,ApolloUpgrade,LootData_Apollo.lua,1.139672,24556151
BlindClearBoon,loot,ApolloUpgrade,LootData_Apollo.lua,1.139672,24556151
BlindClearBoon,loot,HephaestusUpgrade,LootData_Hephaestus.lua,1.139672,24556151
BlockDeathKeepsake,loot,AresUpgrade,LootData_Ares.lua,1.139672,24556151
BlockDeathKeepsake,unit,Eris,EnemyData_Eris.lua,1.139672,24556151
BlockDeathKeepsake,unit,Hecate,EnemyData_Hecate.lua,1.139672,24556151
BlockDeathKeepsake,unit,NPC_Moros_01,NPCData_Moros.lua,1.139672,24556151
BloodDropRevengeBoon,loot,AresUpgrade,LootData_Ares.lua,1.139672,24556151
BloodManaBurstBoon,loot,AphroditeUpgrade,LootData_Aphrodite.lua,1.139672,24556151
BloodManaBurstBoon,loot,AresUpgrade,LootData_Ares.lua,1.139672,24556151
BloodRetentionBoon,loot,AresUpgrade,LootData_Ares.lua,1.139672,24556151
BloodRetentionBoon,loot,HeraUpgrade,LootData_Hera.lua,1.139672,24556151
BoltRetaliateBoon,loot,ZeusUpgrade,LootData_Zeus.lua,1.139672,24556151
BonusMoneyKeepsake,unit,NPC_Charon_01,NPCData_Charon.lua,1.139672,24556151
BoonDecayBoon,loot,HeraUpgrade,LootData_Hera.lua,1.139672,24556151
BoonGrowthBoon,loot,DemeterUpgrade,LootData_Demeter.lua,1.139672,24556151
BossMetaUpgradeKeepsake,unit,NPC_Circe_01,NPCData_Circe.lua,1.139672,24556151
BossMetaUpgradeKeepsake,unit,NPC_Medea_01,NPCData_Medea.lua,1.139672,24556151
BossPreDamageKeepsake,unit,Hecate,EnemyData_Hecate.lua,1.139672,24556151
BossPreDamageKeepsake,unit,NPC_Circe_01,NPCData_Circe.lua,1.139672,24556151
BossPreDamageKeepsake,unit,NPC_Odysseus_01,NPCData_Odysseus.lua,1.139672,24556151
BossPreDamageKeepsake,unit,Polyphemus,EnemyData_Polyphemus.lua,1.139672,24556151
BossPreDamageKeepsake,unit,Scylla,EnemyData_Scylla.lua,1.139672,24556151
BreakExplosiveArmorBoon,unit,NPC_Icarus_01,NPCData_Icarus.lua,1.139672,24556151
BreakInvincibleArmorBoon,unit,NPC_Icarus_01,NPCData_Icarus.lua,1.139672,24556151
BurnArmorBoon,loot,HestiaUpgrade,LootData_Hestia.lua,1.139672,24556151
BurnConsumeBoon,loot,DemeterUpgrade,LootData_Demeter.lua,1.139672,24556151
BurnConsumeBoon,loot,HestiaUpgrade,LootData_Hestia.lua,1.139672,24556151
BurnExplodeBoon,loot,HestiaUpgrade,LootData_Hestia.lua,1.139672,24556151
BurnRefreshBoon,loot,AphroditeUpgrade,LootData_Aphrodite.lua,1.139672,24556151
BurnRefreshBoon,loot,HestiaUpgrade,LootData_Hestia.lua,1.139672,24556151
BurnSprintBoon,loot,HestiaUpgrade,LootData_Hestia.lua,1.139672,24556151
BurnStackBoon,loot,HestiaUpgrade,LootData_Hestia.lua,1.139672,24556151
CastAnywhereBoon,loot,ZeusUpgrade,LootData_Zeus.lua,1.139672,24556151
CastAttachBoon,loot,DemeterUpgrade,LootData_Demeter.lua,1.139672,24556151
CastDamageCostume,unit,NPC_Arachne_01,NPCData_Arachne.lua,1.139672,24556151
CastHazardBoon,unit,NPC_Icarus_01,NPCData_Icarus.lua,1.139672,24556151
CastLobBoon,unit,NPC_Dionysus_01,NPCData_Dionysus.lua,1.139672,24556151
CastNovaBoon,loot,DemeterUpgrade,LootData_Demeter.lua,1.139672,24556151
CastProjectileBoon,loot,HestiaUpgrade,LootData_Hestia.lua,1.139672,24556151
ChaosCastBlessing,loot,TrialUpgrade,LootData_Chaos.lua,1.139672,24556151
ChaosCastCurse,loot,TrialUpgrade,LootData_Chaos.lua,1.139672,24556151
ChaosCommonCurse,loot,TrialUpgrade,LootData_Chaos.lua,1.139672,24556151
ChaosDamageCurse,loot,TrialUpgrade,LootData_Chaos.lua,1.139672,24556151
ChaosDashCurse,loot,TrialUpgrade,LootData_Chaos.lua,1.139672,24556151
ChaosDeathWeaponCurse,loot,TrialUpgrade,LootData_Chaos.lua,1.139672,24556151
ChaosDoorHealBlessing,loot,TrialUpgrade,LootData_Chaos.lua,1.139672,24556151
ChaosElementalBlessing,loot,TrialUpgrade,LootData_Chaos.lua,1.139672,24556151
ChaosExAttackCurse,loot,TrialUpgrade,LootData_Chaos.lua,1.139672,24556151
ChaosExSpeedBlessing,loot,TrialUpgrade,LootData_Chaos.lua,1.139672,24556151
ChaosHarvestBlessing,loot,TrialUpgrade,LootData_Chaos.lua,1.139672,24556151
ChaosHealthBlessing,loot,TrialUpgrade,LootData_Chaos.lua,1.139672,24556151
ChaosHealthCurse,loot,TrialUpgrade,LootData_Chaos.lua,1.139672,24556151
ChaosHiddenRoomRewardCurse,loot,TrialUpgrade,LootData_Chaos.lua,1.139672,24556151
ChaosLastStandBlessing,loot,TrialUpgrade,LootData_Chaos.lua,1.139672,24556151
ChaosManaBlessing,loot,TrialUpgrade,LootData_Chaos.lua,1.139672,24556151
ChaosManaCostBlessing,loot,TrialUpgrade,LootData_Chaos.lua,1.139672,24556151
ChaosManaFocusCurse,loot,TrialUpgrade,LootData_Chaos.lua,1.139672,24556151
ChaosManaOverTimeBlessing,loot,TrialUpgrade,LootData_Chaos.lua,1.139672,24556151
ChaosMetaUpgradeCurse,loot,TrialUpgrade,LootData_Chaos.lua,1.139672,24556151
ChaosMoneyBlessing,loot,TrialUpgrade,LootData_Chaos.lua,1.139672,24556151
ChaosNoMoneyCurse,loot,TrialUpgrade,LootData_Chaos.lua,1.139672,24556151
ChaosOmegaDamageBlessing,loot,TrialUpgrade,LootData_Chaos.lua,1.139672,24556151
ChaosPrimaryAttackCurse,loot,TrialUpgrade,LootData_Chaos.lua,1.139672,24556151
ChaosRarityBlessing,loot,TrialUpgrade,LootData_Chaos.lua,1.139672,24556151
ChaosRestrictBoonCurse,loot,TrialUpgrade,LootData_Chaos.lua,1.139672,24556151
ChaosSecondaryAttackCurse,loot,TrialUpgrade,LootData_Chaos.lua,1.139672,24556151
ChaosSpecialBlessing,loot,TrialUpgrade,LootData_Chaos.lua,1.139672,24556151
ChaosSpeedBlessing,loot,TrialUpgrade,LootData_Chaos.lua,1.139672,24556151
ChaosSpeedCurse,loot,TrialUpgrade,LootData_Chaos.lua,1.139672,24556151
ChaosStunCurse,loot,TrialUpgrade,LootData_Chaos.lua,1.139672,24556151
ChaosTimeCurse,loot,TrialUpgrade,LootData_Chaos.lua,1.139672,24556151
ChaosWeaponBlessing,loot,TrialUpgrade,LootData_Chaos.lua,1.139672,24556151
CharmCrowdBoon,loot,AphroditeUpgrade,LootData_Aphrodite.lua,1.139672,24556151
CharmCrowdBoon,loot,HeraUpgrade,LootData_Hera.lua,1.139672,24556151
CirceEnlargeTrait,unit,Eris,EnemyData_Eris.lua,1.139672,24556151
CirceEnlargeTrait,unit,NPC_Athena_01,NPCData_Athena.lua,1.139672,24556151
CirceEnlargeTrait,unit,NPC_Circe_01,NPCData_Circe.lua,1.139672,24556151
CirceEnlargeTrait,unit,NPC_Dionysus_01,NPCData_Dionysus.lua,1.139672,24556151
CirceEnlargeTrait,unit,NPC_Icarus_01,NPCData_Icarus.lua,1.139672,24556151
CirceEnlargeTrait,unit,NPC_Moros_01,NPCData_Moros.lua,1.139672,24556151
CirceEnlargeTrait,unit,Prometheus,EnemyData_Prometheus.lua,1.139672,24556151
CirceEnlargeTrait,unit,Zagreus,EnemyData_Zagreus.lua,1.139672,24556151
CirceShrinkTrait,unit,Eris,EnemyData_Eris.lua,1.139672,24556151
CirceShrinkTrait,unit,NPC_Athena_01,NPCData_Athena.lua,1.139672,24556151
CirceShrinkTrait,unit,NPC_Circe_01,NPCData_Circe.lua,1.139672,24556151
CirceShrinkTrait,unit,NPC_Dionysus_01,NPCData_Dionysus.lua,1.139672,24556151
CirceShrinkTrait,unit,NPC_Icarus_01,NPCData_Icarus.lua,1.139672,24556151
CirceShrinkTrait,unit,NPC_Moros_01,NPCData_Moros.lua,1.139672,24556151
CirceShrinkTrait,unit,Prometheus,EnemyData_Prometheus.lua,1.139672,24556151
CirceShrinkTrait,unit,Zagreus,EnemyData_Zagreus.lua,1.139672,24556151
CirceSorceryDamageBoon,unit,NPC_Circe_01,NPCData_Circe.lua,1.139672,24556151
ClearRootBoon,loot,DemeterUpgrade,LootData_Demeter.lua,1.139672,24556151
ClearRootBoon,loot,HephaestusUpgrade,LootData_Hephaestus.lua,1.139672,24556151
CombatEncounterHealBoon,unit,NPC_Dionysus_01,NPCData_Dionysus.lua,1.139672,24556151
CommonGlobalDamageBoon,loot,HeraUpgrade,LootData_Hera.lua,1.139672,24556151
CoverRegenerationBoon,loot,ApolloUpgrade,LootData_Apollo.lua,1.139672,24556151
CoverRegenerationBoon,loot,HestiaUpgrade,LootData_Hestia.lua,1.139672,24556151
CritBonusBoon,unit,NPC_Artemis_Field_01,NPCData_Artemis.lua,1.139672,24556151
DaggerAttackFinisherTrait,loot,WeaponUpgrade,LootData.lua,1.139672,24556151
DaggerBackstabTrait,loot,WeaponUpgrade,LootData.lua,1.139672,24556151
DaggerBlinkAoETrait,loot,WeaponUpgrade,LootData.lua,1.139672,24556151
DaggerBlockAspect,unit,NPC_Artemis_Field_01,NPCData_Artemis.lua,1.139672,24556151
DaggerChargeStageSkipTrait,loot,WeaponUpgrade,LootData.lua,1.139672,24556151
DaggerDashAttackTripleTrait,loot,WeaponUpgrade,LootData.lua,1.139672,24556151
DaggerFinalHitTrait,loot,WeaponUpgrade,LootData.lua,1.139672,24556151
DaggerHomingThrowAspect,unit,NPC_Artemis_Field_01,NPCData_Artemis.lua,1.139672,24556151
DaggerHomingThrowAspect,unit,NPC_Dionysus_01,NPCData_Dionysus.lua,1.139672,24556151
DaggerRapidAttackTrait,loot,WeaponUpgrade,LootData.lua,1.139672,24556151
DaggerSpecialConsecutiveTrait,loot,WeaponUpgrade,LootData.lua,1.139672,24556151
DaggerSpecialFanTrait,loot,WeaponUpgrade,LootData.lua,1.139672,24556151
DaggerSpecialJumpTrait,loot,WeaponUpgrade,LootData.lua,1.139672,24556151
DaggerSpecialLineTrait,loot,WeaponUpgrade,LootData.lua,1.139672,24556151
DaggerSpecialReturnTrait,loot,WeaponUpgrade,LootData.lua,1.139672,24556151
DaggerTripleAspect,loot,HephaestusUpgrade,LootData_Hephaestus.lua,1.139672,24556151
DaggerTripleAspect,unit,Hecate,EnemyData_Hecate.lua,1.139672,24556151
DaggerTripleAspect,unit,NPC_Artemis_Field_01,NPCData_Artemis.lua,1.139672,24556151
DaggerTripleBuffTrait,loot,WeaponUpgrade,LootData.lua,1.139672,24556151
DaggerTripleHomingSpecialTrait,loot,WeaponUpgrade,LootData.lua,1.139672,24556151
DaggerTripleRepeatWomboTrait,loot,WeaponUpgrade,LootData.lua,1.139672,24556151
DamageSharePotencyBoon,loot,HeraUpgrade,LootData_Hera.lua,1.139672,24556151
DamageShareRetaliateBoon,loot,HeraUpgrade,LootData_Hera.lua,1.139672,24556151
DamagedDamageBoostKeepsake,unit,Hecate,EnemyData_Hecate.lua,1.139672,24556151
DamagedDamageBoostKeepsake,unit,NPC_Medea_01,NPCData_Medea.lua,1.139672,24556151
DashOmegaBuffBoon,unit,NPC_Artemis_Field_01,NPCData_Artemis.lua,1.139672,24556151
DeathDefianceRefillBoon,unit,NPC_Athena_01,NPCData_Athena.lua,1.139672,24556151
DeathDefianceRetaliateCurse,unit,NPC_Medea_01,NPCData_Medea.lua,1.139672,24556151
DeathVengeanceKeepsake,unit,Eris,EnemyData_Eris.lua,1.139672,24556151
DeathVengeanceKeepsake,unit,Hecate,EnemyData_Hecate.lua,1.139672,24556151
DecayingBoostKeepsake,unit,NPC_Heracles_01,NPCData_Heracles.lua,1.139672,24556151
DecayingBoostKeepsake,unit,Prometheus,EnemyData_Prometheus.lua,1.139672,24556151
DemeterCastBoon,loot,DemeterUpgrade,LootData_Demeter.lua,1.139672,24556151
DemeterManaBoon,loot,DemeterUpgrade,LootData_Demeter.lua,1.139672,24556151
DemeterSpecialBoon,loot,DemeterUpgrade,LootData_Demeter.lua,1.139672,24556151
DemeterSprintBoon,loot,DemeterUpgrade,LootData_Demeter.lua,1.139672,24556151
DemeterWeaponBoon,loot,DemeterUpgrade,LootData_Demeter.lua,1.139672,24556151
DiminishingDodgeBoon,unit,NPC_Echo_01,NPCData_Echo.lua,1.139672,24556151
DiminishingHealthAndManaBoon,unit,NPC_Echo_01,NPCData_Echo.lua,1.139672,24556151
DodgeChanceBoon,loot,HermesUpgrade,LootData_Hermes.lua,1.139672,24556151
DoorHealReserveKeepsake,unit,NPC_Dora_01,NPCData_Dora.lua,1.139672,24556151
DoorHealToFullBoon,loot,AphroditeUpgrade,LootData_Aphrodite.lua,1.139672,24556151
DoorRerollMetaUpgrade,unit,NPC_Circe_01,NPCData_Circe.lua,1.139672,24556151
DoubleBloodDropBoon,loot,AresUpgrade,LootData_Ares.lua,1.139672,24556151
DoubleBoltBoon,loot,ZeusUpgrade,LootData_Zeus.lua,1.139672,24556151
DoubleExManaBoon,loot,ApolloUpgrade,LootData_Apollo.lua,1.139672,24556151
DoubleFamiliarTrait,unit,NPC_Circe_01,NPCData_Circe.lua,1.139672,24556151
DoubleMassiveAttackBoon,loot,HephaestusUpgrade,LootData_Hephaestus.lua,1.139672,24556151
DoubleMassiveAttackBoon,loot,HestiaUpgrade,LootData_Hestia.lua,1.139672,24556151
DoubleRewardBoon,loot,PoseidonUpgrade,LootData_Poseidon.lua,1.139672,24556151
DoubleSplashBoon,loot,AresUpgrade,LootData_Ares.lua,1.139672,24556151
DoubleSplashBoon,loot,PoseidonUpgrade,LootData_Poseidon.lua,1.139672,24556151
DoubleStrikeChanceBoon,loot,ApolloUpgrade,LootData_Apollo.lua,1.139672,24556151
DoubleSwordBoon,loot,ApolloUpgrade,LootData_Apollo.lua,1.139672,24556151
DoubleSwordBoon,loot,AresUpgrade,LootData_Ares.lua,1.139672,24556151
EchoBurnBoon,loot,HestiaUpgrade,LootData_Hestia.lua,1.139672,24556151
EchoBurnBoon,loot,ZeusUpgrade,LootData_Zeus.lua,1.139672,24556151
EchoDeathDefianceRefill,unit,NPC_Echo_01,NPCData_Echo.lua,1.139672,24556151
EchoDoubleLevelBoon,unit,NPC_Echo_01,NPCData_Echo.lua,1.139672,24556151
EchoDoubleShop,unit,NPC_Echo_01,NPCData_Echo.lua,1.139672,24556151
EchoExpirationBoon,loot,ZeusUpgrade,LootData_Zeus.lua,1.139672,24556151
EchoLastReward,unit,NPC_Echo_01,NPCData_Echo.lua,1.139672,24556151
EchoLastRunBoon,unit,NPC_Echo_01,NPCData_Echo.lua,1.139672,24556151
EchoRepeatKeepsakeBoon,unit,NPC_Echo_01,NPCData_Echo.lua,1.139672,24556151
ElementalBaseDamageBoon,loot,HestiaUpgrade,LootData_Hestia.lua,1.139672,24556151
ElementalDamageBoon,loot,HephaestusUpgrade,LootData_Hephaestus.lua,1.139672,24556151
ElementalDamageCapBoon,loot,DemeterUpgrade,LootData_Demeter.lua,1.139672,24556151
ElementalDamageFloorBoon,loot,ZeusUpgrade,LootData_Zeus.lua,1.139672,24556151
ElementalDodgeBoon,loot,AphroditeUpgrade,LootData_Aphrodite.lua,1.139672,24556151
ElementalHealthBoon,loot,PoseidonUpgrade,LootData_Poseidon.lua,1.139672,24556151
ElementalOlympianDamageBoon,loot,AresUpgrade,LootData_Ares.lua,1.139672,24556151
ElementalRallyBoon,loot,ApolloUpgrade,LootData_Apollo.lua,1.139672,24556151
ElementalRarityUpgradeBoon,loot,HeraUpgrade,LootData_Hera.lua,1.139672,24556151
ElementalUnifiedBoon,loot,HermesUpgrade,LootData_Hermes.lua,1.139672,24556151
EncounterStartDefenseBuffBoon,loot,HephaestusUpgrade,LootData_Hephaestus.lua,1.139672,24556151
EncounterStartOffenseBuffBoon,loot,PoseidonUpgrade,LootData_Poseidon.lua,1.139672,24556151
EscalatingCostume,unit,NPC_Arachne_01,NPCData_Arachne.lua,1.139672,24556151
EscalatingKeepsake,unit,Eris,EnemyData_Eris.lua,1.139672,24556151
EscalatingKeepsake,unit,Hecate,EnemyData_Hecate.lua,1.139672,24556151
EscalatingKeepsake,unit,NPC_Echo_01,NPCData_Echo.lua,1.139672,24556151
ExPolymorphBoon,unit,NPC_Circe_01,NPCData_Circe.lua,1.139672,24556151
ExtendedShopTrait,store,RoomShop,StoreData.lua,1.139672,24556151
FireballManaSpecialBoon,loot,HestiaUpgrade,LootData_Hestia.lua,1.139672,24556151
FireballRendBoon,loot,AresUpgrade,LootData_Ares.lua,1.139672,24556151
FireballRendBoon,loot,HestiaUpgrade,LootData_Hestia.lua,1.139672,24556151
FirstHangoverBoon,unit,NPC_Dionysus_01,NPCData_Dionysus.lua,1.139672,24556151
FirstHitHealTrait,loot,AphroditeUpgrade,LootData_Aphrodite.lua,1.139672,24556151
FirstHitHealTrait,store,RoomShop,StoreData.lua,1.139672,24556151
FocusAttackDamageTrait,unit,NPC_Icarus_01,NPCData_Icarus.lua,1.139672,24556151
FocusCritBoon,unit,NPC_Artemis_Field_01,NPCData_Artemis.lua,1.139672,24556151
FocusDamageShaveBoon,loot,PoseidonUpgrade,LootData_Poseidon.lua,1.139672,24556151
FocusLastStandBoon,unit,NPC_Athena_01,NPCData_Athena.lua,1.139672,24556151
FocusLightningBoon,loot,ZeusUpgrade,LootData_Zeus.lua,1.139672,24556151
FocusRawDamageBoon,loot,AphroditeUpgrade,LootData_Aphrodite.lua,1.139672,24556151
FocusSpecialDamageTrait,unit,NPC_Icarus_01,NPCData_Icarus.lua,1.139672,24556151
FogDamageBonusBoon,unit,NPC_Dionysus_01,NPCData_Dionysus.lua,1.139672,24556151
ForceAphroditeBoonKeepsake,loot,AphroditeUpgrade,LootData_Aphrodite.lua,1.139672,24556151
ForceApolloBoonKeepsake,loot,ApolloUpgrade,LootData_Apollo.lua,1.139672,24556151
ForceApolloBoonKeepsake,loot,HermesUpgrade,LootData_Hermes.lua,1.139672,24556151
ForceAresBoonKeepsake,loot,AresUpgrade,LootData_Ares.lua,1.139672,24556151
ForceDemeterBoonKeepsake,loot,DemeterUpgrade,LootData_Demeter.lua,1.139672,24556151
ForceHephaestusBoonKeepsake,loot,HephaestusUpgrade,LootData_Hephaestus.lua,1.139672,24556151
ForceHeraBoonKeepsake,loot,HeraUpgrade,LootData_Hera.lua,1.139672,24556151
ForceHestiaBoonKeepsake,loot,HestiaUpgrade,LootData_Hestia.lua,1.139672,24556151
ForcePoseidonBoonKeepsake,loot,PoseidonUpgrade,LootData_Poseidon.lua,1.139672,24556151
ForceZeusBoonKeepsake,loot,PoseidonUpgrade,LootData_Poseidon.lua,1.139672,24556151
ForceZeusBoonKeepsake,loot,ZeusUpgrade,LootData_Zeus.lua,1.139672,24556151
FountainRarityKeepsake,unit,NPC_Echo_01,NPCData_Echo.lua,1.139672,24556151
FountainRarityKeepsake,unit,NPC_Narcissus_01,NPCData_Narcissus.lua,1.139672,24556151
GoldifyKeepsake,unit,Chronos,EnemyData_Chronos.lua,1.139672,24556151
GoldifyKeepsake,unit,NPC_Chronos_02,NPCData_Chronos.lua,1.139672,24556151
GoodStuffBoon,loot,DemeterUpgrade,LootData_Demeter.lua,1.139672,24556151
GoodStuffBoon,loot,PoseidonUpgrade,LootData_Poseidon.lua,1.139672,24556151
HadesAndPersephoneKeepsake,loot,DemeterUpgrade,LootData_Demeter.lua,1.139672,24556151
HadesAndPersephoneKeepsake,unit,NPC_Echo_01,NPCData_Echo.lua,1.139672,24556151
HadesAndPersephoneKeepsake,unit,NPC_Hades_Field_01,NPCData_Hades.lua,1.139672,24556151
HadesCastProjectileBoon,unit,Chronos,EnemyData_Chronos.lua,1.139672,24556151
HadesCastProjectileBoon,unit,NPC_Hades_Field_01,NPCData_Hades.lua,1.139672,24556151
HadesChronosDebuffBoon,unit,Chronos,EnemyData_Chronos.lua,1.139672,24556151
HadesChronosDebuffBoon,unit,NPC_Hades_Field_01,NPCData_Hades.lua,1.139672,24556151
HadesDashSweepBoon,unit,Chronos,EnemyData_Chronos.lua,1.139672,24556151
HadesDashSweepBoon,unit,NPC_Hades_Field_01,NPCData_Hades.lua,1.139672,24556151
HadesDeathDefianceDamageBoon,unit,Chronos,EnemyData_Chronos.lua,1.139672,24556151
HadesDeathDefianceDamageBoon,unit,NPC_Hades_Field_01,NPCData_Hades.lua,1.139672,24556151
HadesInvisibilityRetaliateBoon,unit,Chronos,EnemyData_Chronos.lua,1.139672,24556151
HadesInvisibilityRetaliateBoon,unit,NPC_Hades_Field_01,NPCData_Hades.lua,1.139672,24556151
HadesLifestealBoon,unit,Chronos,EnemyData_Chronos.lua,1.139672,24556151
HadesLifestealBoon,unit,NPC_Hades_Field_01,NPCData_Hades.lua,1.139672,24556151
HadesManaUrnBoon,unit,Chronos,EnemyData_Chronos.lua,1.139672,24556151
HadesManaUrnBoon,unit,NPC_Hades_Field_01,NPCData_Hades.lua,1.139672,24556151
HadesPreDamageBoon,unit,Chronos,EnemyData_Chronos.lua,1.139672,24556151
HadesPreDamageBoon,unit,NPC_Hades_Field_01,NPCData_Hades.lua,1.139672,24556151
HealAmplifyTrait,unit,NPC_Circe_01,NPCData_Circe.lua,1.139672,24556151
HealingOnDeathCurse,unit,NPC_Medea_01,NPCData_Medea.lua,1.139672,24556151
HealthRewardBonusBoon,loot,AphroditeUpgrade,LootData_Aphrodite.lua,1.139672,24556151
HeavyArmorBoon,loot,HephaestusUpgrade,LootData_Hephaestus.lua,1.139672,24556151
HephaestusCastBoon,loot,HephaestusUpgrade,LootData_Hephaestus.lua,1.139672,24556151
HephaestusManaBoon,loot,HephaestusUpgrade,LootData_Hephaestus.lua,1.139672,24556151
HephaestusSpecialBoon,loot,HephaestusUpgrade,LootData_Hephaestus.lua,1.139672,24556151
HephaestusSprintBoon,loot,HephaestusUpgrade,LootData_Hephaestus.lua,1.139672,24556151
HephaestusWeaponBoon,loot,HephaestusUpgrade,LootData_Hephaestus.lua,1.139672,24556151
HeraCastBoon,loot,HeraUpgrade,LootData_Hera.lua,1.139672,24556151
HeraManaBoon,loot,HeraUpgrade,LootData_Hera.lua,1.139672,24556151
HeraSpecialBoon,loot,HeraUpgrade,LootData_Hera.lua,1.139672,24556151
HeraSprintBoon,loot,HeraUpgrade,LootData_Hera.lua,1.139672,24556151
HeraWeaponBoon,loot,HeraUpgrade,LootData_Hera.lua,1.139672,24556151
HermesCastDiscountBoon,loot,HermesUpgrade,LootData_Hermes.lua,1.139672,24556151
HermesSpecialBoon,loot,HermesUpgrade,LootData_Hermes.lua,1.139672,24556151
HermesWeaponBoon,loot,HermesUpgrade,LootData_Hermes.lua,1.139672,24556151
HestiaCastBoon,loot,HestiaUpgrade,LootData_Hestia.lua,1.139672,24556151
HestiaManaBoon,loot,HestiaUpgrade,LootData_Hestia.lua,1.139672,24556151
HestiaSpecialBoon,loot,HestiaUpgrade,LootData_Hestia.lua,1.139672,24556151
HestiaSprintBoon,loot,HestiaUpgrade,LootData_Hestia.lua,1.139672,24556151
HestiaWeaponBoon,loot,HestiaUpgrade,LootData_Hestia.lua,1.139672,24556151
HiddenMaxHealthBoon,unit,NPC_Dionysus_01,NPCData_Dionysus.lua,1.139672,24556151
HighArmorCostume,unit,NPC_Arachne_01,NPCData_Arachne.lua,1.139672,24556151
HighHealthCritBoon,unit,NPC_Artemis_Field_01,NPCData_Artemis.lua,1.139672,24556151
HighHealthOffenseBoon,loot,AphroditeUpgrade,LootData_Aphrodite.lua,1.139672,24556151
IncomeCostume,unit,NPC_Arachne_01,NPCData_Arachne.lua,1.139672,24556151
InsideCastCritBoon,unit,NPC_Artemis_Field_01,NPCData_Artemis.lua,1.139672,24556151
InstantRootKill,loot,DemeterUpgrade,LootData_Demeter.lua,1.139672,24556151
InvulnerabilityCastBoon,unit,NPC_Athena_01,NPCData_Athena.lua,1.139672,24556151
InvulnerabilityDashBoon,unit,NPC_Athena_01,NPCData_Athena.lua,1.139672,24556151
KeepsakeLevelBoon,loot,DemeterUpgrade,LootData_Demeter.lua,1.139672,24556151
KeepsakeLevelBoon,loot,HeraUpgrade,LootData_Hera.lua,1.139672,24556151
LaserApolloTalent,unit,NPC_Athena_01,NPCData_Athena.lua,1.139672,24556151
LeapHephaestusTalent,unit,NPC_Athena_01,NPCData_Athena.lua,1.139672,24556151
LightningDebuffGeneratorBoon,loot,ZeusUpgrade,LootData_Zeus.lua,1.139672,24556151
LightningVulnerabilityBoon,loot,PoseidonUpgrade,LootData_Poseidon.lua,1.139672,24556151
LightningVulnerabilityBoon,loot,ZeusUpgrade,LootData_Zeus.lua,1.139672,24556151
LinkedDeathDamageBoon,loot,HeraUpgrade,LootData_Hera.lua,1.139672,24556151
LobAmmoMagnetismTrait,loot,WeaponUpgrade,LootData.lua,1.139672,24556151
LobAmmoTrait,loot,WeaponUpgrade,LootData.lua,1.139672,24556151
LobCloseAttackAspect,loot,HephaestusUpgrade,LootData_Hephaestus.lua,1.139672,24556151
LobCloseAttackAspect,unit,Hecate,EnemyData_Hecate.lua,1.139672,24556151
LobCloseAttackAspect,unit,NPC_Medea_01,NPCData_Medea.lua,1.139672,24556151
LobCloseAttackAspect,unit,Polyphemus,EnemyData_Polyphemus.lua,1.139672,24556151
LobCloseAttackAspect,unit,Zagreus,EnemyData_Zagreus.lua,1.139672,24556151
LobGrowthTrait,loot,WeaponUpgrade,LootData.lua,1.139672,24556151
LobGunAspect,loot,DemeterUpgrade,LootData_Demeter.lua,1.139672,24556151
LobGunAspect,unit,Hecate,EnemyData_Hecate.lua,1.139672,24556151
LobGunAspect,unit,NPC_Medea_01,NPCData_Medea.lua,1.139672,24556151
LobGunAspect,unit,Polyphemus,EnemyData_Polyphemus.lua,1.139672,24556151
LobGunAttackDoublerTrait,loot,WeaponUpgrade,LootData.lua,1.139672,24556151
LobGunAttackRangeTrait,loot,WeaponUpgrade,LootData.lua,1.139672,24556151
LobGunBounceTrait,loot,WeaponUpgrade,LootData.lua,1.139672,24556151
LobGunOverheatTrait,loot,WeaponUpgrade,LootData.lua,1.139672,24556151
LobGunSpecialBounceTrait,loot,WeaponUpgrade,LootData.lua,1.139672,24556151
LobImpulseAspect,loot,DemeterUpgrade,LootData_Demeter.lua,1.139672,24556151
LobImpulseAspect,unit,Hecate,EnemyData_Hecate.lua,1.139672,24556151
LobImpulseAspect,unit,NPC_Hades_Field_01,NPCData_Hades.lua,1.139672,24556151
LobImpulseAspect,unit,NPC_Medea_01,NPCData_Medea.lua,1.139672,24556151
LobInOutSpecialExTrait,loot,WeaponUpgrade,LootData.lua,1.139672,24556151
LobOneSideTrait,loot,WeaponUpgrade,LootData.lua,1.139672,24556151
LobPulseAmmoCollectTrait,loot,WeaponUpgrade,LootData.lua,1.139672,24556151
LobPulseAmmoTrait,loot,WeaponUpgrade,LootData.lua,1.139672,24556151
LobRushArmorTrait,loot,WeaponUpgrade,LootData.lua,1.139672,24556151
LobSpecialSpeedTrait,loot,WeaponUpgrade,LootData.lua,1.139672,24556151
LobSpreadShotTrait,loot,WeaponUpgrade,LootData.lua,1.139672,24556151
LobStraightShotTrait,loot,WeaponUpgrade,LootData.lua,1.139672,24556151
LobSturdySpecialTrait,loot,WeaponUpgrade,LootData.lua,1.139672,24556151
LowHealthCritKeepsake,unit,NPC_Artemis_Field_01,NPCData_Artemis.lua,1.139672,24556151
LowHealthLifestealBoon,loot,AresUpgrade,LootData_Ares.lua,1.139672,24556151
LuckyBoon,loot,HermesUpgrade,LootData_Hermes.lua,1.139672,24556151
ManaBurstBoon,loot,AphroditeUpgrade,LootData_Aphrodite.lua,1.139672,24556151
ManaBurstCountBoon,loot,AphroditeUpgrade,LootData_Aphrodite.lua,1.139672,24556151
ManaBurstCountBoon,loot,ApolloUpgrade,LootData_Apollo.lua,1.139672,24556151
ManaCostume,unit,NPC_Arachne_01,NPCData_Arachne.lua,1.139672,24556151
ManaOverTimeCurse,unit,NPC_Medea_01,NPCData_Medea.lua,1.139672,24556151
ManaOverTimeRefundKeepsake,unit,Hecate,EnemyData_Hecate.lua,1.139672,24556151
ManaRestoreDamageBoon,loot,HeraUpgrade,LootData_Hera.lua,1.139672,24556151
ManaRestoreDamageBoon,loot,HestiaUpgrade,LootData_Hestia.lua,1.139672,24556151
ManaShieldBoon,loot,HephaestusUpgrade,LootData_Hephaestus.lua,1.139672,24556151
ManaShieldBoon,loot,HeraUpgrade,LootData_Hera.lua,1.139672,24556151
ManaSpearBoon,unit,NPC_Athena_01,NPCData_Athena.lua,1.139672,24556151
ManaToHealthBoon,loot,HephaestusUpgrade,LootData_Hephaestus.lua,1.139672,24556151
MassiveCastBoon,loot,HephaestusUpgrade,LootData_Hephaestus.lua,1.139672,24556151
MassiveCastBoon,loot,PoseidonUpgrade,LootData_Poseidon.lua,1.139672,24556151
MassiveDamageBoon,loot,HephaestusUpgrade,LootData_Hephaestus.lua,1.139672,24556151
MassiveKnockupBoon,loot,HephaestusUpgrade,LootData_Hephaestus.lua,1.139672,24556151
MaxHealthDamageBoon,loot,AphroditeUpgrade,LootData_Aphrodite.lua,1.139672,24556151
MaxHealthDamageBoon,loot,DemeterUpgrade,LootData_Demeter.lua,1.139672,24556151
MeteorHestiaTalent,unit,NPC_Athena_01,NPCData_Athena.lua,1.139672,24556151
MissingHealthCritBoon,loot,AresUpgrade,LootData_Ares.lua,1.139672,24556151
MoneyDamageBoon,loot,HeraUpgrade,LootData_Hera.lua,1.139672,24556151
MoneyDamageBoon,loot,PoseidonUpgrade,LootData_Poseidon.lua,1.139672,24556151
MoneyMultiplierBoon,loot,HermesUpgrade,LootData_Hermes.lua,1.139672,24556151
MoneyOnDeathCurse,unit,NPC_Medea_01,NPCData_Medea.lua,1.139672,24556151
MoonBeamAresTalent,unit,NPC_Athena_01,NPCData_Athena.lua,1.139672,24556151
NarcissusA,unit,NPC_Narcissus_01,NPCData_Narcissus.lua,1.139672,24556151
NarcissusB,unit,NPC_Narcissus_01,NPCData_Narcissus.lua,1.139672,24556151
NarcissusC,unit,NPC_Narcissus_01,NPCData_Narcissus.lua,1.139672,24556151
NarcissusD,unit,NPC_Narcissus_01,NPCData_Narcissus.lua,1.139672,24556151
NarcissusE,unit,NPC_Narcissus_01,NPCData_Narcissus.lua,1.139672,24556151
NarcissusF,unit,NPC_Narcissus_01,NPCData_Narcissus.lua,1.139672,24556151
NarcissusG,unit,NPC_Narcissus_01,NPCData_Narcissus.lua,1.139672,24556151
NarcissusH,unit,NPC_Narcissus_01,NPCData_Narcissus.lua,1.139672,24556151
NarcissusI,unit,NPC_Narcissus_01,NPCData_Narcissus.lua,1.139672,24556151
NewStatusDamage,unit,NPC_Medea_01,NPCData_Medea.lua,1.139672,24556151
OlympianSpellCountBoon,unit,NPC_Athena_01,NPCData_Athena.lua,1.139672,24556151
OmegaCastVolleyBoon,unit,NPC_Artemis_Field_01,NPCData_Artemis.lua,1.139672,24556151
OmegaDelayedDamageBoon,loot,AresUpgrade,LootData_Ares.lua,1.139672,24556151
OmegaExplodeBoon,unit,NPC_Icarus_01,NPCData_Icarus.lua,1.139672,24556151
OmegaHeraProjectileBoon,loot,HeraUpgrade,LootData_Hera.lua,1.139672,24556151
OmegaPoseidonProjectileBoon,loot,PoseidonUpgrade,LootData_Poseidon.lua,1.139672,24556151
OmegaZeroBurnBoon,loot,HestiaUpgrade,LootData_Hestia.lua,1.139672,24556151
PerfectDamageBonusBoon,loot,ApolloUpgrade,LootData_Apollo.lua,1.139672,24556151
PlantHealthBoon,loot,DemeterUpgrade,LootData_Demeter.lua,1.139672,24556151
PolymorphZeusTalent,unit,NPC_Athena_01,NPCData_Athena.lua,1.139672,24556151
PoseidonCastBoon,loot,PoseidonUpgrade,LootData_Poseidon.lua,1.139672,24556151
PoseidonExCastBoon,loot,PoseidonUpgrade,LootData_Poseidon.lua,1.139672,24556151
PoseidonManaBoon,loot,PoseidonUpgrade,LootData_Poseidon.lua,1.139672,24556151
PoseidonSpecialBoon,loot,PoseidonUpgrade,LootData_Poseidon.lua,1.139672,24556151
PoseidonSplashSprintBoon,loot,ApolloUpgrade,LootData_Apollo.lua,1.139672,24556151
PoseidonSplashSprintBoon,loot,PoseidonUpgrade,LootData_Poseidon.lua,1.139672,24556151
PoseidonSprintBoon,loot,PoseidonUpgrade,LootData_Poseidon.lua,1.139672,24556151
PoseidonStatusBoon,loot,PoseidonUpgrade,LootData_Poseidon.lua,1.139672,24556151
PoseidonWeaponBoon,loot,PoseidonUpgrade,LootData_Poseidon.lua,1.139672,24556151
PotionPoseidonTalent,unit,NPC_Athena_01,NPCData_Athena.lua,1.139672,24556151
PowerDrinkBoon,unit,NPC_Dionysus_01,NPCData_Dionysus.lua,1.139672,24556151
RaiseDeadBoon,loot,ApolloUpgrade,LootData_Apollo.lua,1.139672,24556151
RaiseDeadBoon,loot,HeraUpgrade,LootData_Hera.lua,1.139672,24556151
RandomArcanaTrait,unit,NPC_Circe_01,NPCData_Circe.lua,1.139672,24556151
RandomBaseDamageBoon,unit,NPC_Dionysus_01,NPCData_Dionysus.lua,1.139672,24556151
RandomBlessingKeepsake,loot,TrialUpgrade,LootData_Chaos.lua,1.139672,24556151
RandomStatusBoon,loot,AphroditeUpgrade,LootData_Aphrodite.lua,1.139672,24556151
RapidSwordBoon,loot,AresUpgrade,LootData_Ares.lua,1.139672,24556151
RapidSwordBoon,loot,HephaestusUpgrade,LootData_Hephaestus.lua,1.139672,24556151
RarifyKeepsake,unit,Zagreus,EnemyData_Zagreus.lua,1.139672,24556151
ReboundingSparkBoon,loot,HephaestusUpgrade,LootData_Hephaestus.lua,1.139672,24556151
ReboundingSparkBoon,loot,ZeusUpgrade,LootData_Zeus.lua,1.139672,24556151
RemoveShrineTrait,unit,NPC_Circe_01,NPCData_Circe.lua,1.139672,24556151
RendBloodDropBoon,loot,AresUpgrade,LootData_Ares.lua,1.139672,24556151
ReserveManaHitShieldBoon,loot,DemeterUpgrade,LootData_Demeter.lua,1.139672,24556151
RestockBoon,loot,HermesUpgrade,LootData_Hermes.lua,1.139672,24556151
RetaliateInvulnerabilityBoon,unit,NPC_Athena_01,NPCData_Athena.lua,1.139672,24556151
RoomRewardBonusBoon,loot,PoseidonUpgrade,LootData_Poseidon.lua,1.139672,24556151
RootDurationBoon,loot,DemeterUpgrade,LootData_Demeter.lua,1.139672,24556151
RootStrikeBoon,loot,DemeterUpgrade,LootData_Demeter.lua,1.139672,24556151
RootStrikeBoon,loot,ZeusUpgrade,LootData_Zeus.lua,1.139672,24556151
SelfCastBoon,loot,AresUpgrade,LootData_Ares.lua,1.139672,24556151
SelfCastBoon,loot,DemeterUpgrade,LootData_Demeter.lua,1.139672,24556151
SkipEncounterKeepsake,unit,NPC_Dionysus_01,NPCData_Dionysus.lua,1.139672,24556151
SlamManaBurstBoon,loot,AphroditeUpgrade,LootData_Aphrodite.lua,1.139672,24556151
SlamManaBurstBoon,loot,HephaestusUpgrade,LootData_Hephaestus.lua,1.139672,24556151
SlowExAttackBoon,loot,DemeterUpgrade,LootData_Demeter.lua,1.139672,24556151
SlowProjectileBoon,loot,HermesUpgrade,LootData_Hermes.lua,1.139672,24556151
SlowProjectileCurse,unit,NPC_Medea_01,NPCData_Medea.lua,1.139672,24556151
SorceryCritBoon,unit,NPC_Artemis_Field_01,NPCData_Artemis.lua,1.139672,24556151
SorceryRegenMetaUpgrade,loot,SpellDrop,LootData_Selene.lua,1.139672,24556151
SorcerySpeedBoon,loot,HermesUpgrade,LootData_Hermes.lua,1.139672,24556151
SpawnCastDamageBoon,loot,HeraUpgrade,LootData_Hera.lua,1.139672,24556151
SpawnDamageCurse,unit,NPC_Medea_01,NPCData_Medea.lua,1.139672,24556151
SpawnKillBoon,loot,ZeusUpgrade,LootData_Zeus.lua,1.139672,24556151
SpellCostume,unit,NPC_Arachne_01,NPCData_Arachne.lua,1.139672,24556151
SpellLaserTrait,unit,NPC_Artemis_Field_01,NPCData_Artemis.lua,1.139672,24556151
SpellLeapTrait,unit,NPC_Artemis_Field_01,NPCData_Artemis.lua,1.139672,24556151
SpellMeteorTrait,unit,NPC_Artemis_Field_01,NPCData_Artemis.lua,1.139672,24556151
SpellMoonBeamTrait,unit,NPC_Artemis_Field_01,NPCData_Artemis.lua,1.139672,24556151
SpellPolymorphTrait,loot,HeraUpgrade,LootData_Hera.lua,1.139672,24556151
SpellPolymorphTrait,unit,NPC_Artemis_Field_01,NPCData_Artemis.lua,1.139672,24556151
SpellSummonTrait,loot,HeraUpgrade,LootData_Hera.lua,1.139672,24556151
SpellSummonTrait,unit,NPC_Artemis_Field_01,NPCData_Artemis.lua,1.139672,24556151
SpellSummonTrait,unit,Scylla,EnemyData_Scylla.lua,1.139672,24556151
SpellTalentKeepsake,loot,SpellDrop,LootData_Selene.lua,1.139672,24556151
SpellTransformTrait,unit,Hecate,EnemyData_Hecate.lua,1.139672,24556151
SpellTransformTrait,unit,NPC_Artemis_Field_01,NPCData_Artemis.lua,1.139672,24556151
SpellTransformTrait,unit,NPC_Circe_01,NPCData_Circe.lua,1.139672,24556151
SprintEchoBoon,loot,AphroditeUpgrade,LootData_Aphrodite.lua,1.139672,24556151
SprintEchoBoon,loot,ZeusUpgrade,LootData_Zeus.lua,1.139672,24556151
SprintShieldBoon,loot,HermesUpgrade,LootData_Hermes.lua,1.139672,24556151
StaffAttackRecoveryTrait,loot,WeaponUpgrade,LootData.lua,1.139672,24556151
StaffClearCastAspect,unit,Hecate,EnemyData_Hecate.lua,1.139672,24556151
StaffClearCastAspect,unit,NPC_Circe_01,NPCData_Circe.lua,1.139672,24556151
StaffDashAttackTrait,loot,WeaponUpgrade,LootData.lua,1.139672,24556151
StaffDoubleAttackTrait,loot,WeaponUpgrade,LootData.lua,1.139672,24556151
StaffExAoETrait,loot,WeaponUpgrade,LootData.lua,1.139672,24556151
StaffExHealTrait,loot,WeaponUpgrade,LootData.lua,1.139672,24556151
StaffFastSpecialTrait,loot,WeaponUpgrade,LootData.lua,1.139672,24556151
StaffJumpSpecialTrait,loot,WeaponUpgrade,LootData.lua,1.139672,24556151
StaffLoneShadeRallyTrait,loot,WeaponUpgrade,LootData.lua,1.139672,24556151
StaffLoneShadeRespawnTrait,loot,WeaponUpgrade,LootData.lua,1.139672,24556151
StaffLongAttackTrait,loot,WeaponUpgrade,LootData.lua,1.139672,24556151
StaffOneWayAttackTrait,loot,WeaponUpgrade,LootData.lua,1.139672,24556151
StaffPowershotTrait,loot,WeaponUpgrade,LootData.lua,1.139672,24556151
StaffRaiseDeadAspect,loot,HephaestusUpgrade,LootData_Hephaestus.lua,1.139672,24556151
StaffRaiseDeadAspect,unit,Hecate,EnemyData_Hecate.lua,1.139672,24556151
StaffRaiseDeadAspect,unit,NPC_Circe_01,NPCData_Circe.lua,1.139672,24556151
StaffRaiseDeadBigTrait,loot,WeaponUpgrade,LootData.lua,1.139672,24556151
StaffRaiseDeadDoubleTrait,loot,WeaponUpgrade,LootData.lua,1.139672,24556151
StaffSecondStageTrait,loot,WeaponUpgrade,LootData.lua,1.139672,24556151
StaffSelfHitAspect,loot,ApolloUpgrade,LootData_Apollo.lua,1.139672,24556151
StaffSelfHitAspect,loot,HephaestusUpgrade,LootData_Hephaestus.lua,1.139672,24556151
StaffSelfHitAspect,loot,HermesUpgrade,LootData_Hermes.lua,1.139672,24556151
StaffSelfHitAspect,unit,NPC_Circe_01,NPCData_Circe.lua,1.139672,24556151
StaffTripleShotTrait,loot,WeaponUpgrade,LootData.lua,1.139672,24556151
SteamBoon,loot,HestiaUpgrade,LootData_Hestia.lua,1.139672,24556151
SteamBoon,loot,PoseidonUpgrade,LootData_Poseidon.lua,1.139672,24556151
StormSpawnBoon,loot,ApolloUpgrade,LootData_Apollo.lua,1.139672,24556151
StormSpawnBoon,loot,DemeterUpgrade,LootData_Demeter.lua,1.139672,24556151
SuitArmorTrait,loot,WeaponUpgrade,LootData.lua,1.139672,24556151
SuitAttackRangeTrait,loot,WeaponUpgrade,LootData.lua,1.139672,24556151
SuitAttackSizeTrait,loot,WeaponUpgrade,LootData.lua,1.139672,24556151
SuitAttackSpeedTrait,loot,WeaponUpgrade,LootData.lua,1.139672,24556151
SuitComboAspect,loot,SpellDrop,LootData_Selene.lua,1.139672,24556151
SuitComboAspect,unit,Hecate,EnemyData_Hecate.lua,1.139672,24556151
SuitComboBlockBuffTrait,loot,WeaponUpgrade,LootData.lua,1.139672,24556151
SuitComboDashAttackTrait,loot,WeaponUpgrade,LootData.lua,1.139672,24556151
SuitComboDoubleSpecialTrait,loot,WeaponUpgrade,LootData.lua,1.139672,24556151
SuitComboForwardRocketTrait,loot,WeaponUpgrade,LootData.lua,1.139672,24556151
SuitDashAttackTrait,loot,WeaponUpgrade,LootData.lua,1.139672,24556151
SuitFullChargeTrait,loot,WeaponUpgrade,LootData.lua,1.139672,24556151
SuitHexAspect,loot,SpellDrop,LootData_Selene.lua,1.139672,24556151
SuitHexAspect,store,SurfaceShop,StoreData.lua,1.139672,24556151
SuitHexAspect,unit,Hecate,EnemyData_Hecate.lua,1.139672,24556151
SuitHexAspect,unit,Zagreus,EnemyData_Zagreus.lua,1.139672,24556151
SuitMarkCritAspect,loot,AresUpgrade,LootData_Ares.lua,1.139672,24556151
SuitMarkCritAspect,loot,SpellDrop,LootData_Selene.lua,1.139672,24556151
SuitMarkCritAspect,loot,TrialUpgrade,LootData_Chaos.lua,1.139672,24556151
SuitMarkCritAspect,unit,Eris,EnemyData_Eris.lua,1.139672,24556151
SuitMarkCritAspect,unit,Hecate,EnemyData_Hecate.lua,1.139672,24556151
SuitMarkCritAspect,unit,NPC_Hades_Field_01,NPCData_Hades.lua,1.139672,24556151
SuitMarkCritAspect,unit,NPC_Nyx_Story_01,NPCData.lua,1.139672,24556151
SuitPowershotTrait,loot,WeaponUpgrade,LootData.lua,1.139672,24556151
SuitSpecialAutoTrait,loot,WeaponUpgrade,LootData.lua,1.139672,24556151
SuitSpecialBlockTrait,loot,WeaponUpgrade,LootData.lua,1.139672,24556151
SuitSpecialConsecutiveHitTrait,loot,WeaponUpgrade,LootData.lua,1.139672,24556151
SuitSpecialDiscountTrait,loot,WeaponUpgrade,LootData.lua,1.139672,24556151
SuitSpecialJumpTrait,loot,WeaponUpgrade,LootData.lua,1.139672,24556151
SuitSpecialStartUpTrait,loot,WeaponUpgrade,LootData.lua,1.139672,24556151
SummonHeraTalent,unit,NPC_Athena_01,NPCData_Athena.lua,1.139672,24556151
SuperSacrificeBoonHera,loot,HeraUpgrade,LootData_Hera.lua,1.139672,24556151
SuperSacrificeBoonZeus,loot,ZeusUpgrade,LootData_Zeus.lua,1.139672,24556151
SupplyDropBoon,unit,NPC_Icarus_01,NPCData_Icarus.lua,1.139672,24556151
SupportingFireBoon,unit,NPC_Artemis_Field_01,NPCData_Artemis.lua,1.139672,24556151
SurfacePenalty,loot,StackUpgrade,LootData.lua,1.139672,24556151
SurfacePenalty,loot,WeaponUpgrade,LootData.lua,1.139672,24556151
SurfacePenalty,unit,SoulPylon,EnemyData_Traps.lua,1.139672,24556151
TempHammerKeepsake,unit,NPC_Icarus_01,NPCData_Icarus.lua,1.139672,24556151
TemporaryBoonRarityTrait,store,RoomShop,StoreData.lua,1.139672,24556151
TemporaryDiscountTrait,store,RoomShop,StoreData.lua,1.139672,24556151
TemporaryDoorHealTrait,store,RoomShop,StoreData.lua,1.139672,24556151
TemporaryEmptySlotDamageTrait,store,RoomShop,StoreData.lua,1.139672,24556151
TemporaryForcedSecretDoorTrait,loot,TrialUpgrade,LootData_Chaos.lua,1.139672,24556151
TemporaryForcedSecretDoorTrait,store,RoomShop,StoreData.lua,1.139672,24556151
TemporaryHealExpirationTrait,store,RoomShop,StoreData.lua,1.139672,24556151
TemporaryImprovedCastTrait,store,RoomShop,StoreData.lua,1.139672,24556151
TemporaryImprovedDefenseTrait,store,RoomShop,StoreData.lua,1.139672,24556151
TemporaryImprovedExTrait,store,RoomShop,StoreData.lua,1.139672,24556151
TemporaryImprovedSecondaryTrait,store,RoomShop,StoreData.lua,1.139672,24556151
TemporaryMoveSpeedTrait,store,RoomShop,StoreData.lua,1.139672,24556151
TimeSlowDemeterTalent,unit,NPC_Athena_01,NPCData_Athena.lua,1.139672,24556151
TimeStopLastStandBoon,loot,HermesUpgrade,LootData_Hermes.lua,1.139672,24556151
TimedBuffKeepsake,loot,HermesUpgrade,LootData_Hermes.lua,1.139672,24556151
TimedBuffKeepsake,unit,NPC_Charon_01,NPCData_Charon.lua,1.139672,24556151
TimedCritVulnerabilityBoon,unit,NPC_Artemis_Field_01,NPCData_Artemis.lua,1.139672,24556151
TimedKillBuffBoon,loot,HermesUpgrade,LootData_Hermes.lua,1.139672,24556151
TorchAttackSpeedTrait,loot,WeaponUpgrade,LootData.lua,1.139672,24556151
TorchAutofireAspect,loot,HestiaUpgrade,LootData_Hestia.lua,1.139672,24556151
TorchAutofireAspect,unit,Hecate,EnemyData_Hecate.lua,1.139672,24556151
TorchAutofireAspect,unit,InfestedCerberus,EnemyData_InfestedCerberus.lua,1.139672,24556151
TorchAutofireAspect,unit,NPC_Moros_01,NPCData_Moros.lua,1.139672,24556151
TorchAutofireSprintTrait,loot,WeaponUpgrade,LootData.lua,1.139672,24556151
TorchDetonateAspect,loot,HestiaUpgrade,LootData_Hestia.lua,1.139672,24556151
TorchDetonateAspect,unit,Hecate,EnemyData_Hecate.lua,1.139672,24556151
TorchDetonateAspect,unit,NPC_Moros_01,NPCData_Moros.lua,1.139672,24556151
TorchDetonateAspect,unit,NPC_Odysseus_01,NPCData_Odysseus.lua,1.139672,24556151
TorchDiscountExAttackTrait,loot,WeaponUpgrade,LootData.lua,1.139672,24556151
TorchEnhancedAttackTrait,loot,WeaponUpgrade,LootData.lua,1.139672,24556151
TorchExSpecialCountTrait,loot,WeaponUpgrade,LootData.lua,1.139672,24556151
TorchLongevityTrait,loot,WeaponUpgrade,LootData.lua,1.139672,24556151
TorchMoveSpeedTrait,loot,WeaponUpgrade,LootData.lua,1.139672,24556151
TorchOrbitPointTrait,loot,WeaponUpgrade,LootData.lua,1.139672,24556151
TorchSpecialImpactTrait,loot,WeaponUpgrade,LootData.lua,1.139672,24556151
TorchSpecialLineTrait,loot,WeaponUpgrade,LootData.lua,1.139672,24556151
TorchSpecialSpeedTrait,loot,WeaponUpgrade,LootData.lua,1.139672,24556151
TorchSpinAttackTrait,loot,WeaponUpgrade,LootData.lua,1.139672,24556151
TorchSplitAttackTrait,loot,WeaponUpgrade,LootData.lua,1.139672,24556151
TorchSprintRecallAspect,loot,AphroditeUpgrade,LootData_Aphrodite.lua,1.139672,24556151
TorchSprintRecallAspect,loot,HestiaUpgrade,LootData_Hestia.lua,1.139672,24556151
TorchSprintRecallAspect,loot,SpellDrop,LootData_Selene.lua,1.139672,24556151
TorchSprintRecallAspect,unit,Hecate,EnemyData_Hecate.lua,1.139672,24556151
TorchSprintRecallAspect,unit,NPC_Moros_01,NPCData_Moros.lua,1.139672,24556151
TransformAphroditeTalent,unit,NPC_Athena_01,NPCData_Athena.lua,1.139672,24556151
UnpickedBoonKeepsake,unit,NPC_Echo_01,NPCData_Echo.lua,1.139672,24556151
UpgradeHammerBoon,unit,NPC_Icarus_01,NPCData_Icarus.lua,1.139672,24556151
VitalityCostume,unit,NPC_Arachne_01,NPCData_Arachne.lua,1.139672,24556151
WeakPotencyBoon,loot,AphroditeUpgrade,LootData_Aphrodite.lua,1.139672,24556151
WeakVulnerabilityBoon,loot,AphroditeUpgrade,LootData_Aphrodite.lua,1.139672,24556151
WeaponUpgradeBoon,loot,HephaestusUpgrade,LootData_Hephaestus.lua,1.139672,24556151
WetState,loot,DemeterUpgrade,LootData_Demeter.lua,1.139672,24556151
WetState,loot,PoseidonUpgrade,LootData_Poseidon.lua,1.139672,24556151
WetState,loot,ZeusUpgrade,LootData_Zeus.lua,1.139672,24556151
WetState,unit,NPC_Medea_01,NPCData_Medea.lua,1.139672,24556151
ZeusCastBoon,loot,ZeusUpgrade,LootData_Zeus.lua,1.139672,24556151
ZeusManaBoltBoon,loot,ZeusUpgrade,LootData_Zeus.lua,1.139672,24556151
ZeusManaBoon,loot,ZeusUpgrade,LootData_Zeus.lua,1.139672,24556151
ZeusSpecialBoon,loot,ZeusUpgrade,LootData_Zeus.lua,1.139672,24556151
ZeusSprintBoon,loot,ZeusUpgrade,LootData_Zeus.lua,1.139672,24556151
ZeusWeaponBoon,loot,ZeusUpgrade,LootData_Zeus.lua,1.139672,24556151